movie,title
http://www.semanticweb.org/emili/ontologies/2025/3/recommendations/Movie212,AVATAR
http://www.semanticweb.org/emili/ontologies/2025/3/recommendations/Movie177,THE WARRIORS
http://www.semanticweb.org/emili/ontologies/2025/3/recommendations/Movie4163,THE HELP
http://www.semanticweb.org/emili/ontologies/2025/3/recommendations/Movie4165,LOVE ACTUALLY
http://www.semanticweb.org/emili/ontologies/2025/3/recommendations/Movie4267,YOUNG ADULT
http://www.semanticweb.org/emili/ontologies/2025/3/recommendations/Movie3642,THE GIRL WITH THE DRAGON TATTOO
http://www.semanticweb.org/emili/ontologies/2025/3/recommendations/Movie3656,THE KIDS ARE ALL RIGHT
http://www.semanticweb.org/emili/ontologies/2025/3/recommendations/Movie3740,UnknownMovie3740
http://www.semanticweb.org/emili/ontologies/2025/3/recommendations/Movie4003,SOURCE CODE
http://www.semanticweb.org/emili/ontologies/2025/3/recommendations/Movie4303,INTOUCHABLES
http://www.semanticweb.org/emili/ontologies/2025/3/recommendations/Movie4304,CARNAGE
http://www.semanticweb.org/emili/ontologies/2025/3/recommendations/Movie4319,THE ARTIST
http://www.semanticweb.org/emili/ontologies/2025/3/recommendations/Movie3824,YOU AGAIN
http://www.semanticweb.org/emili/ontologies/2025/3/recommendations/Movie2491,UnknownMovie2491
http://www.semanticweb.org/emili/ontologies/2025/3/recommendations/Movie2986,UnknownMovie2986
http://www.semanticweb.org/emili/ontologies/2025/3/recommendations/Movie3744,UnknownMovie3744
http://www.semanticweb.org/emili/ontologies/2025/3/recommendations/Movie3745,UnknownMovie3745
http://www.semanticweb.org/emili/ontologies/2025/3/recommendations/Movie4028,THE CON ARTIST
http://www.semanticweb.org/emili/ontologies/2025/3/recommendations/Movie4236,WHAT'S YOUR NUMBER
http://www.semanticweb.org/emili/ontologies/2025/3/recommendations/Movie4306,UnknownMovie4306
http://www.semanticweb.org/emili/ontologies/2025/3/recommendations/Movie4316,THE IRON LADY
http://www.semanticweb.org/emili/ontologies/2025/3/recommendations/Movie4353,UnknownMovie4353
http://www.semanticweb.org/emili/ontologies/2025/3/recommendations/Movie3544,UnknownMovie3544
http://www.semanticweb.org/emili/ontologies/2025/3/recommendations/Movie4087,MIDNIGHT IN PARIS
http://www.semanticweb.org/emili/ontologies/2025/3/recommendations/Movie4134,8 FEMMES
http://www.semanticweb.org/emili/ontologies/2025/3/recommendations/Movie47,INCEPTION
http://www.semanticweb.org/emili/ontologies/2025/3/recommendations/Movie167,THE BUTTERFLY EFFECT
http://www.semanticweb.org/emili/ontologies/2025/3/recommendations/Movie3376,SCHINDLER'S LIST
http://www.semanticweb.org/emili/ontologies/2025/3/recommendations/Movie3559,SHREK 2
http://www.semanticweb.org/emili/ontologies/2025/3/recommendations/Movie3750,127 HOURS
http://www.semanticweb.org/emili/ontologies/2025/3/recommendations/Movie4091,EAGLE
http://www.semanticweb.org/emili/ontologies/2025/3/recommendations/Movie4147,MONEYBALL
http://www.semanticweb.org/emili/ontologies/2025/3/recommendations/Movie4202,IN TIME
http://www.semanticweb.org/emili/ontologies/2025/3/recommendations/Movie4219,WAR HORSE
http://www.semanticweb.org/emili/ontologies/2025/3/recommendations/Movie4220,I HOPE THEY SERVE BEER IN HELL
http://www.semanticweb.org/emili/ontologies/2025/3/recommendations/Movie3,LETTERS TO JULIET
http://www.semanticweb.org/emili/ontologies/2025/3/recommendations/Movie175,THE INVENTION OF LYING
http://www.semanticweb.org/emili/ontologies/2025/3/recommendations/Movie2240,CARLITO'S WAY
http://www.semanticweb.org/emili/ontologies/2025/3/recommendations/Movie3510,THE SOCIAL NETWORK
http://www.semanticweb.org/emili/ontologies/2025/3/recommendations/Movie3787,UnknownMovie3787
http://www.semanticweb.org/emili/ontologies/2025/3/recommendations/Movie4045,UnknownMovie4045
http://www.semanticweb.org/emili/ontologies/2025/3/recommendations/Movie4229,ENEMY OF THE STATE
http://www.semanticweb.org/emili/ontologies/2025/3/recommendations/Movie3531,300
http://www.semanticweb.org/emili/ontologies/2025/3/recommendations/Movie3704,NEVER LET ME GO
http://www.semanticweb.org/emili/ontologies/2025/3/recommendations/Movie2450,UnknownMovie2450
http://www.semanticweb.org/emili/ontologies/2025/3/recommendations/Movie17,WILD TARGET
http://www.semanticweb.org/emili/ontologies/2025/3/recommendations/Movie180,LEAVES OF GRASS
http://www.semanticweb.org/emili/ontologies/2025/3/recommendations/Movie253,I LOVE YOU PHILLIP MORRIS
http://www.semanticweb.org/emili/ontologies/2025/3/recommendations/Movie254,MISS CONCEPTION
http://www.semanticweb.org/emili/ontologies/2025/3/recommendations/Movie255,SEX AND ZEN
http://www.semanticweb.org/emili/ontologies/2025/3/recommendations/Movie3613,SOUL KITCHEN
http://www.semanticweb.org/emili/ontologies/2025/3/recommendations/Movie3676,GENTLEMEN BRONCOS
http://www.semanticweb.org/emili/ontologies/2025/3/recommendations/Movie3677,KNIGHT AND DAY
http://www.semanticweb.org/emili/ontologies/2025/3/recommendations/Movie52,SERENITY
http://www.semanticweb.org/emili/ontologies/2025/3/recommendations/Movie53,YOUTH IN REVOLT
http://www.semanticweb.org/emili/ontologies/2025/3/recommendations/Movie68,THE OTHER GUYS
http://www.semanticweb.org/emili/ontologies/2025/3/recommendations/Movie98,ETERNAL SUNSHINE OF THE SPOTLESS MIND
http://www.semanticweb.org/emili/ontologies/2025/3/recommendations/Movie1972,DIE HARD: WITH A VENGEANCE
http://www.semanticweb.org/emili/ontologies/2025/3/recommendations/Movie212,AVATAR
http://www.semanticweb.org/emili/ontologies/2025/3/recommendations/Movie3668,CIRQUE DU FREAK: THE VAMPIRE'S ASSISTANT
http://www.semanticweb.org/emili/ontologies/2025/3/recommendations/Movie3984,DIE HARD 4
http://www.semanticweb.org/emili/ontologies/2025/3/recommendations/Movie4147,MONEYBALL
http://www.semanticweb.org/emili/ontologies/2025/3/recommendations/Movie18,THE EXPENDABLES
http://www.semanticweb.org/emili/ontologies/2025/3/recommendations/Movie26,MOON
http://www.semanticweb.org/emili/ontologies/2025/3/recommendations/Movie156,UnknownMovie156
http://www.semanticweb.org/emili/ontologies/2025/3/recommendations/Movie109,THE MAIDEN HEIST
http://www.semanticweb.org/emili/ontologies/2025/3/recommendations/Movie3116,CHASING AMY
http://www.semanticweb.org/emili/ontologies/2025/3/recommendations/Movie3550,THE INTERPRETER
http://www.semanticweb.org/emili/ontologies/2025/3/recommendations/Movie3635,UP
http://www.semanticweb.org/emili/ontologies/2025/3/recommendations/Movie3681,SUPERMAN II
http://www.semanticweb.org/emili/ontologies/2025/3/recommendations/Movie3936,UnknownMovie3936
http://www.semanticweb.org/emili/ontologies/2025/3/recommendations/Movie3937,UnknownMovie3937
http://www.semanticweb.org/emili/ontologies/2025/3/recommendations/Movie4087,MIDNIGHT IN PARIS
http://www.semanticweb.org/emili/ontologies/2025/3/recommendations/Movie4172,THE GENERAL'S DAUGHTER
http://www.semanticweb.org/emili/ontologies/2025/3/recommendations/Movie2240,CARLITO'S WAY
http://www.semanticweb.org/emili/ontologies/2025/3/recommendations/Movie3787,UnknownMovie3787
http://www.semanticweb.org/emili/ontologies/2025/3/recommendations/Movie4299,8MM 2
http://www.semanticweb.org/emili/ontologies/2025/3/recommendations/Movie4377,HOW THE GRINCH STOLE CHRISTMAS
http://www.semanticweb.org/emili/ontologies/2025/3/recommendations/Movie242,RUNAWAY JURY
http://www.semanticweb.org/emili/ontologies/2025/3/recommendations/Movie243,SAW V
http://www.semanticweb.org/emili/ontologies/2025/3/recommendations/Movie3681,SUPERMAN II
http://www.semanticweb.org/emili/ontologies/2025/3/recommendations/Movie3682,SERENDIPITY
http://www.semanticweb.org/emili/ontologies/2025/3/recommendations/Movie3750,127 HOURS
http://www.semanticweb.org/emili/ontologies/2025/3/recommendations/Movie3933,INSIDIOUS
http://www.semanticweb.org/emili/ontologies/2025/3/recommendations/Movie3938,BULLITT
http://www.semanticweb.org/emili/ontologies/2025/3/recommendations/Movie3972,FAST FIVE
http://www.semanticweb.org/emili/ontologies/2025/3/recommendations/Movie4003,SOURCE CODE
http://www.semanticweb.org/emili/ontologies/2025/3/recommendations/Movie4054,FRIENDS WITH BENEFITS
http://www.semanticweb.org/emili/ontologies/2025/3/recommendations/Movie199,EAT PRAY LOVE
http://www.semanticweb.org/emili/ontologies/2025/3/recommendations/Movie201,WINTER'S BONE
http://www.semanticweb.org/emili/ontologies/2025/3/recommendations/Movie241,THE PRESTIGE
http://www.semanticweb.org/emili/ontologies/2025/3/recommendations/Movie2902,NOTHING PERSONAL
http://www.semanticweb.org/emili/ontologies/2025/3/recommendations/Movie3702,UNTHINKABLE
http://www.semanticweb.org/emili/ontologies/2025/3/recommendations/Movie3703,THANK YOU FOR SMOKING
http://www.semanticweb.org/emili/ontologies/2025/3/recommendations/Movie3713,TRUE GRIT
http://www.semanticweb.org/emili/ontologies/2025/3/recommendations/Movie119,ZWARTBOEK
http://www.semanticweb.org/emili/ontologies/2025/3/recommendations/Movie3723,YOU WILL MEET A TALL DARK STRANGER
http://www.semanticweb.org/emili/ontologies/2025/3/recommendations/Movie3724,THE ROYAL TENENBAUMS
http://www.semanticweb.org/emili/ontologies/2025/3/recommendations/Movie3725,THE 40 YEAR OLD VIRGIN
http://www.semanticweb.org/emili/ontologies/2025/3/recommendations/Movie3932,SINGLES
http://www.semanticweb.org/emili/ontologies/2025/3/recommendations/Movie3723,YOU WILL MEET A TALL DARK STRANGER
http://www.semanticweb.org/emili/ontologies/2025/3/recommendations/Movie3724,THE ROYAL TENENBAUMS
http://www.semanticweb.org/emili/ontologies/2025/3/recommendations/Movie3725,THE 40 YEAR OLD VIRGIN
http://www.semanticweb.org/emili/ontologies/2025/3/recommendations/Movie178,TOY STORY 3
http://www.semanticweb.org/emili/ontologies/2025/3/recommendations/Movie1889,RESERVOIR DOGS
http://www.semanticweb.org/emili/ontologies/2025/3/recommendations/Movie197,BLIND SIDE
http://www.semanticweb.org/emili/ontologies/2025/3/recommendations/Movie1974,DESPERADO
http://www.semanticweb.org/emili/ontologies/2025/3/recommendations/Movie198,KILLERS
http://www.semanticweb.org/emili/ontologies/2025/3/recommendations/Movie2271,THE HUNCHBACK OF NOTRE DAME
http://www.semanticweb.org/emili/ontologies/2025/3/recommendations/Movie2461,FROM DUSK TILL DAWN
http://www.semanticweb.org/emili/ontologies/2025/3/recommendations/Movie3304,UNDERWORLD
http://www.semanticweb.org/emili/ontologies/2025/3/recommendations/Movie3530,TARZAN
http://www.semanticweb.org/emili/ontologies/2025/3/recommendations/Movie3630,THE TOWN
http://www.semanticweb.org/emili/ontologies/2025/3/recommendations/Movie3671,LOVE HAPPENS
http://www.semanticweb.org/emili/ontologies/2025/3/recommendations/Movie3672,RATATOUILLE
http://www.semanticweb.org/emili/ontologies/2025/3/recommendations/Movie3673,PETER PAN
http://www.semanticweb.org/emili/ontologies/2025/3/recommendations/Movie3674,AS GOOD AS IT GETS
http://www.semanticweb.org/emili/ontologies/2025/3/recommendations/Movie3687,THE SORCERER'S APPRENTICE
http://www.semanticweb.org/emili/ontologies/2025/3/recommendations/Movie3689,ANGELS & DEMONS
http://www.semanticweb.org/emili/ontologies/2025/3/recommendations/Movie3690,LEGION
http://www.semanticweb.org/emili/ontologies/2025/3/recommendations/Movie3691,CLASH OF THE TITANS
http://www.semanticweb.org/emili/ontologies/2025/3/recommendations/Movie3692,THE DA VINCI CODE
http://www.semanticweb.org/emili/ontologies/2025/3/recommendations/Movie3693,THE SWITCH
http://www.semanticweb.org/emili/ontologies/2025/3/recommendations/Movie3726,BLACK SWAN
http://www.semanticweb.org/emili/ontologies/2025/3/recommendations/Movie3735,MEGAMIND
http://www.semanticweb.org/emili/ontologies/2025/3/recommendations/Movie3783,ROCKNROLLA
http://www.semanticweb.org/emili/ontologies/2025/3/recommendations/Movie3832,UnknownMovie3832
http://www.semanticweb.org/emili/ontologies/2025/3/recommendations/Movie3833,UnknownMovie3833
http://www.semanticweb.org/emili/ontologies/2025/3/recommendations/Movie3835,UnknownMovie3835
http://www.semanticweb.org/emili/ontologies/2025/3/recommendations/Movie3836,UNDERWORLD: EVOLUTION
http://www.semanticweb.org/emili/ontologies/2025/3/recommendations/Movie3837,UNDERWORLD: RISE OF THE LYCANS
http://www.semanticweb.org/emili/ontologies/2025/3/recommendations/Movie3841,EL MARIACHI
http://www.semanticweb.org/emili/ontologies/2025/3/recommendations/Movie3842,ONCE UPON A TIME IN MEXICO
http://www.semanticweb.org/emili/ontologies/2025/3/recommendations/Movie3845,CLERKS
http://www.semanticweb.org/emili/ontologies/2025/3/recommendations/Movie3846,CLERKS 2
http://www.semanticweb.org/emili/ontologies/2025/3/recommendations/Movie3856,MONSTERS VS ALIENS
http://www.semanticweb.org/emili/ontologies/2025/3/recommendations/Movie3857,LEGEND OF THE GUARDIANS: THE OWLS OF GA'HOOLE
http://www.semanticweb.org/emili/ontologies/2025/3/recommendations/Movie4160,500 DAYS OF SUMMER
http://www.semanticweb.org/emili/ontologies/2025/3/recommendations/Movie47,INCEPTION
http://www.semanticweb.org/emili/ontologies/2025/3/recommendations/Movie58,THE WOLFMAN
http://www.semanticweb.org/emili/ontologies/2025/3/recommendations/Movie66,MACHETE
http://www.semanticweb.org/emili/ontologies/2025/3/recommendations/Movie47,INCEPTION
http://www.semanticweb.org/emili/ontologies/2025/3/recommendations/Movie131,UnknownMovie131
http://www.semanticweb.org/emili/ontologies/2025/3/recommendations/Movie138,SHUTTER ISLAND
http://www.semanticweb.org/emili/ontologies/2025/3/recommendations/Movie155,CAMILLE
http://www.semanticweb.org/emili/ontologies/2025/3/recommendations/Movie3527,2012
http://www.semanticweb.org/emili/ontologies/2025/3/recommendations/Movie3617,CHARLIE AND THE CHOCOLATE FACTORY
http://www.semanticweb.org/emili/ontologies/2025/3/recommendations/Movie3642,THE GIRL WITH THE DRAGON TATTOO
http://www.semanticweb.org/emili/ontologies/2025/3/recommendations/Movie3683,ELF
http://www.semanticweb.org/emili/ontologies/2025/3/recommendations/Movie3695,COP OUT
http://www.semanticweb.org/emili/ontologies/2025/3/recommendations/Movie3998,THE ADJUSTMENT BUREAU
http://www.semanticweb.org/emili/ontologies/2025/3/recommendations/Movie4049,CEDAR RAPIDS
http://www.semanticweb.org/emili/ontologies/2025/3/recommendations/Movie4164,NIGHT AT THE MUSEUM
http://www.semanticweb.org/emili/ontologies/2025/3/recommendations/Movie4255,OUR IDIOT BROTHER
http://www.semanticweb.org/emili/ontologies/2025/3/recommendations/Movie4297,17 AGAIN
http://www.semanticweb.org/emili/ontologies/2025/3/recommendations/Movie73,HITCH
http://www.semanticweb.org/emili/ontologies/2025/3/recommendations/Movie172,ALICE IN WONDERLAND
http://www.semanticweb.org/emili/ontologies/2025/3/recommendations/Movie2086,THE GLIMMER MAN
http://www.semanticweb.org/emili/ontologies/2025/3/recommendations/Movie3554,A SINGLE MAN
http://www.semanticweb.org/emili/ontologies/2025/3/recommendations/Movie3818,THE LEGEND OF ZORRO
http://www.semanticweb.org/emili/ontologies/2025/3/recommendations/Movie4338,THE GOOD WITCH
http://www.semanticweb.org/emili/ontologies/2025/3/recommendations/Movie245,THE MATRIX RELOADED
http://www.semanticweb.org/emili/ontologies/2025/3/recommendations/Movie250,THE GODFATHER PART III
http://www.semanticweb.org/emili/ontologies/2025/3/recommendations/Movie3526,TOP SECRET!
http://www.semanticweb.org/emili/ontologies/2025/3/recommendations/Movie2592,THE LION KING
http://www.semanticweb.org/emili/ontologies/2025/3/recommendations/Movie3528,UnknownMovie3528
http://www.semanticweb.org/emili/ontologies/2025/3/recommendations/Movie3529,CONSTANTINE
http://www.semanticweb.org/emili/ontologies/2025/3/recommendations/Movie3541,WHITE CHICKS
