movie,title,timesWatched
http://www.semanticweb.org/emili/ontologies/2025/3/recommendations/Movie47,INCEPTION,18
http://www.semanticweb.org/emili/ontologies/2025/3/recommendations/Movie3510,THE SOCIAL NETWORK,10
http://www.semanticweb.org/emili/ontologies/2025/3/recommendations/Movie38,EXIT THROUGH THE GIFT SHOP,9
http://www.semanticweb.org/emili/ontologies/2025/3/recommendations/Movie3579,RED,8
http://www.semanticweb.org/emili/ontologies/2025/3/recommendations/Movie3649,THE HANGOVER,8
http://www.semanticweb.org/emili/ontologies/2025/3/recommendations/Movie3726,BLACK SWAN,8
http://www.semanticweb.org/emili/ontologies/2025/3/recommendations/Movie3610,DESPICABLE ME,7
http://www.semanticweb.org/emili/ontologies/2025/3/recommendations/Movie115,UnknownMovie115,7
http://www.semanticweb.org/emili/ontologies/2025/3/recommendations/Movie4066,HORRIBLE BOSSES,7
http://www.semanticweb.org/emili/ontologies/2025/3/recommendations/Movie166,HOW TO TRAIN YOUR DRAGON,7
http://www.semanticweb.org/emili/ontologies/2025/3/recommendations/Movie212,AVATAR,7
http://www.semanticweb.org/emili/ontologies/2025/3/recommendations/Movie3748,THE TOURIST,6
http://www.semanticweb.org/emili/ontologies/2025/3/recommendations/Movie4087,MIDNIGHT IN PARIS,6
http://www.semanticweb.org/emili/ontologies/2025/3/recommendations/Movie3545,UnknownMovie3545,6
http://www.semanticweb.org/emili/ontologies/2025/3/recommendations/Movie138,SHUTTER ISLAND,5
http://www.semanticweb.org/emili/ontologies/2025/3/recommendations/Movie201,WINTER'S BONE,5
http://www.semanticweb.org/emili/ontologies/2025/3/recommendations/Movie3713,TRUE GRIT,5
http://www.semanticweb.org/emili/ontologies/2025/3/recommendations/Movie3950,THOR,5
http://www.semanticweb.org/emili/ontologies/2025/3/recommendations/Movie3737,GLADIATOR,5
http://www.semanticweb.org/emili/ontologies/2025/3/recommendations/Movie4070,"CRAZY, STUPID, LOVE",5
http://www.semanticweb.org/emili/ontologies/2025/3/recommendations/Movie3743,LITTLE FOCKERS,5
http://www.semanticweb.org/emili/ontologies/2025/3/recommendations/Movie3770,UnknownMovie3770,5
http://www.semanticweb.org/emili/ontologies/2025/3/recommendations/Movie141,CORALINE,5
http://www.semanticweb.org/emili/ontologies/2025/3/recommendations/Movie4147,MONEYBALL,5
http://www.semanticweb.org/emili/ontologies/2025/3/recommendations/Movie4032,HANNA,5
http://www.semanticweb.org/emili/ontologies/2025/3/recommendations/Movie66,MACHETE,5
http://www.semanticweb.org/emili/ontologies/2025/3/recommendations/Movie16,SALT,4
http://www.semanticweb.org/emili/ontologies/2025/3/recommendations/Movie159,CHOKE,4
http://www.semanticweb.org/emili/ontologies/2025/3/recommendations/Movie3630,THE TOWN,4
http://www.semanticweb.org/emili/ontologies/2025/3/recommendations/Movie4188,PARADA,4
http://www.semanticweb.org/emili/ontologies/2025/3/recommendations/Movie4303,INTOUCHABLES,4
http://www.semanticweb.org/emili/ontologies/2025/3/recommendations/Movie73,HITCH,4
http://www.semanticweb.org/emili/ontologies/2025/3/recommendations/Movie3787,UnknownMovie3787,4
http://www.semanticweb.org/emili/ontologies/2025/3/recommendations/Movie3869,RANGO,4
http://www.semanticweb.org/emili/ontologies/2025/3/recommendations/Movie170,THE PROPOSAL,4
http://www.semanticweb.org/emili/ontologies/2025/3/recommendations/Movie3548,UnknownMovie3548,4
http://www.semanticweb.org/emili/ontologies/2025/3/recommendations/Movie4098,BAD TEACHER,4
http://www.semanticweb.org/emili/ontologies/2025/3/recommendations/Movie4103,BRIDESMAIDS,4
http://www.semanticweb.org/emili/ontologies/2025/3/recommendations/Movie172,ALICE IN WONDERLAND,4
http://www.semanticweb.org/emili/ontologies/2025/3/recommendations/Movie3992,X-MEN: FIRST CLASS,4
http://www.semanticweb.org/emili/ontologies/2025/3/recommendations/Movie86,UnknownMovie86,4
http://www.semanticweb.org/emili/ontologies/2025/3/recommendations/Movie99,IRON MAN 2,4
http://www.semanticweb.org/emili/ontologies/2025/3/recommendations/Movie3980,PAUL,4
http://www.semanticweb.org/emili/ontologies/2025/3/recommendations/Movie13,RESIDENT EVIL: AFTERLIFE,4
http://www.semanticweb.org/emili/ontologies/2025/3/recommendations/Movie3724,THE ROYAL TENENBAUMS,4
http://www.semanticweb.org/emili/ontologies/2025/3/recommendations/Movie39,THE IMAGINARIUM OF DOCTOR PARNASSUS,4
http://www.semanticweb.org/emili/ontologies/2025/3/recommendations/Movie18,THE EXPENDABLES,4
http://www.semanticweb.org/emili/ontologies/2025/3/recommendations/Movie54,VALHALLA RISING,4
http://www.semanticweb.org/emili/ontologies/2025/3/recommendations/Movie65,GET HIM TO THE GREEK,4
http://www.semanticweb.org/emili/ontologies/2025/3/recommendations/Movie67,KICK-ASS,4
http://www.semanticweb.org/emili/ontologies/2025/3/recommendations/Movie3599,UnknownMovie3599,3
http://www.semanticweb.org/emili/ontologies/2025/3/recommendations/Movie2509,THE USUAL SUSPECTS,3
http://www.semanticweb.org/emili/ontologies/2025/3/recommendations/Movie2903,UnknownMovie2903,3
http://www.semanticweb.org/emili/ontologies/2025/3/recommendations/Movie3642,THE GIRL WITH THE DRAGON TATTOO,3
http://www.semanticweb.org/emili/ontologies/2025/3/recommendations/Movie3758,CATCH ME IF YOU CAN,3
http://www.semanticweb.org/emili/ontologies/2025/3/recommendations/Movie4132,KILLER ELITE,3
http://www.semanticweb.org/emili/ontologies/2025/3/recommendations/Movie4244,TOWER HEIST,3
http://www.semanticweb.org/emili/ontologies/2025/3/recommendations/Movie4278,ROLE MODELS,3
http://www.semanticweb.org/emili/ontologies/2025/3/recommendations/Movie4288,THE HUNGER GAMES,3
http://www.semanticweb.org/emili/ontologies/2025/3/recommendations/Movie3750,127 HOURS,3
http://www.semanticweb.org/emili/ontologies/2025/3/recommendations/Movie3678,DUE DATE,3
http://www.semanticweb.org/emili/ontologies/2025/3/recommendations/Movie184,PRINCE OF PERSIA: THE SANDS OF TIME,3
http://www.semanticweb.org/emili/ontologies/2025/3/recommendations/Movie3667,SURROGATES,3
http://www.semanticweb.org/emili/ontologies/2025/3/recommendations/Movie4006,UnknownMovie4006,3
http://www.semanticweb.org/emili/ontologies/2025/3/recommendations/Movie218,PIRATES OF THE CARIBBEAN: THE CURSE OF THE BLACK PEARL,3
http://www.semanticweb.org/emili/ontologies/2025/3/recommendations/Movie248,THE GODFATHER,3
http://www.semanticweb.org/emili/ontologies/2025/3/recommendations/Movie3098,UnknownMovie3098,3
http://www.semanticweb.org/emili/ontologies/2025/3/recommendations/Movie3635,UP,3
http://www.semanticweb.org/emili/ontologies/2025/3/recommendations/Movie3646,OCEAN'S TWELVE,3
http://www.semanticweb.org/emili/ontologies/2025/3/recommendations/Movie3925,UnknownMovie3925,3
http://www.semanticweb.org/emili/ontologies/2025/3/recommendations/Movie3964,LIMITLESS,3
http://www.semanticweb.org/emili/ontologies/2025/3/recommendations/Movie4007,PIRATES OF THE CARIBBEAN: ON STRANGER TIDES,3
http://www.semanticweb.org/emili/ontologies/2025/3/recommendations/Movie4036,RISE OF THE PLANET OF THE APES,3
http://www.semanticweb.org/emili/ontologies/2025/3/recommendations/Movie4071,JOHNNY ENGLISH REBORN,3
http://www.semanticweb.org/emili/ontologies/2025/3/recommendations/Movie4086,UnknownMovie4086,3
http://www.semanticweb.org/emili/ontologies/2025/3/recommendations/Movie4119,THE TREE OF LIFE,3
http://www.semanticweb.org/emili/ontologies/2025/3/recommendations/Movie69,MILK,3
http://www.semanticweb.org/emili/ontologies/2025/3/recommendations/Movie113,MR BROOKS,3
http://www.semanticweb.org/emili/ontologies/2025/3/recommendations/Movie155,CAMILLE,3
http://www.semanticweb.org/emili/ontologies/2025/3/recommendations/Movie173,NORD,3
http://www.semanticweb.org/emili/ontologies/2025/3/recommendations/Movie175,THE INVENTION OF LYING,3
http://www.semanticweb.org/emili/ontologies/2025/3/recommendations/Movie3623,HE'S JUST NOT THAT INTO YOU,3
http://www.semanticweb.org/emili/ontologies/2025/3/recommendations/Movie4297,17 AGAIN,3
http://www.semanticweb.org/emili/ontologies/2025/3/recommendations/Movie6,I COULD NEVER BE YOUR WOMAN,3
http://www.semanticweb.org/emili/ontologies/2025/3/recommendations/Movie77,GOOD HAIR,3
http://www.semanticweb.org/emili/ontologies/2025/3/recommendations/Movie3032,PULP FICTION,3
http://www.semanticweb.org/emili/ontologies/2025/3/recommendations/Movie3870,AMERICAN HISTORY X,3
http://www.semanticweb.org/emili/ontologies/2025/3/recommendations/Movie4033,UnknownMovie4033,3
http://www.semanticweb.org/emili/ontologies/2025/3/recommendations/Movie102,UnknownMovie102,3
http://www.semanticweb.org/emili/ontologies/2025/3/recommendations/Movie3768,LE PETIT NICOLAS,3
http://www.semanticweb.org/emili/ontologies/2025/3/recommendations/Movie3854,WORLD'S GREATEST DAD,3
http://www.semanticweb.org/emili/ontologies/2025/3/recommendations/Movie199,EAT PRAY LOVE,3
http://www.semanticweb.org/emili/ontologies/2025/3/recommendations/Movie49,GOING THE DISTANCE,3
http://www.semanticweb.org/emili/ontologies/2025/3/recommendations/Movie61,SPLICE,3
http://www.semanticweb.org/emili/ontologies/2025/3/recommendations/Movie104,PREDATORS,3
http://www.semanticweb.org/emili/ontologies/2025/3/recommendations/Movie4185,UnknownMovie4185,3
http://www.semanticweb.org/emili/ontologies/2025/3/recommendations/Movie124,SUPERBAD,3
http://www.semanticweb.org/emili/ontologies/2025/3/recommendations/Movie3544,UnknownMovie3544,2
http://www.semanticweb.org/emili/ontologies/2025/3/recommendations/Movie79,ECLIPSE,2
http://www.semanticweb.org/emili/ontologies/2025/3/recommendations/Movie3598,SHREK 4,2
http://www.semanticweb.org/emili/ontologies/2025/3/recommendations/Movie3708,UnknownMovie3708,2
http://www.semanticweb.org/emili/ontologies/2025/3/recommendations/Movie177,THE WARRIORS,2
http://www.semanticweb.org/emili/ontologies/2025/3/recommendations/Movie1953,KIDS,2
http://www.semanticweb.org/emili/ontologies/2025/3/recommendations/Movie3527,2012,2
http://www.semanticweb.org/emili/ontologies/2025/3/recommendations/Movie3659,SUNSHINE CLEANING,2
http://www.semanticweb.org/emili/ontologies/2025/3/recommendations/Movie3765,SMOKIN' ACES,2
http://www.semanticweb.org/emili/ontologies/2025/3/recommendations/Movie4053,MAN ABOUT TOWN,2
http://www.semanticweb.org/emili/ontologies/2025/3/recommendations/Movie4060,TROPIC THUNDER,2
http://www.semanticweb.org/emili/ontologies/2025/3/recommendations/Movie4097,THE GUARD,2
http://www.semanticweb.org/emili/ontologies/2025/3/recommendations/Movie4174,50/50,2
http://www.semanticweb.org/emili/ontologies/2025/3/recommendations/Movie4187,THE BANK JOB,2
http://www.semanticweb.org/emili/ontologies/2025/3/recommendations/Movie4255,OUR IDIOT BROTHER,2
http://www.semanticweb.org/emili/ontologies/2025/3/recommendations/Movie4373,UnknownMovie4373,2
http://www.semanticweb.org/emili/ontologies/2025/3/recommendations/Movie4374,THE DARK KNIGHT RISES,2
http://www.semanticweb.org/emili/ontologies/2025/3/recommendations/Movie3834,UnknownMovie3834,2
http://www.semanticweb.org/emili/ontologies/2025/3/recommendations/Movie3899,UnknownMovie3899,2
http://www.semanticweb.org/emili/ontologies/2025/3/recommendations/Movie3922,GET LOW,2
http://www.semanticweb.org/emili/ontologies/2025/3/recommendations/Movie4003,SOURCE CODE,2
http://www.semanticweb.org/emili/ontologies/2025/3/recommendations/Movie4202,IN TIME,2
http://www.semanticweb.org/emili/ontologies/2025/3/recommendations/Movie4219,WAR HORSE,2
http://www.semanticweb.org/emili/ontologies/2025/3/recommendations/Movie4319,THE ARTIST,2
http://www.semanticweb.org/emili/ontologies/2025/3/recommendations/Movie3859,AMERICAN PIE,2
http://www.semanticweb.org/emili/ontologies/2025/3/recommendations/Movie3926,JUST GO WITH IT,2
http://www.semanticweb.org/emili/ontologies/2025/3/recommendations/Movie48,22 BULLETS,2
http://www.semanticweb.org/emili/ontologies/2025/3/recommendations/Movie3735,MEGAMIND,2
http://www.semanticweb.org/emili/ontologies/2025/3/recommendations/Movie3751,3 IDIOTS,2
http://www.semanticweb.org/emili/ontologies/2025/3/recommendations/Movie2143,BRAVEHEART,2
http://www.semanticweb.org/emili/ontologies/2025/3/recommendations/Movie216,DUPLEX,2
http://www.semanticweb.org/emili/ontologies/2025/3/recommendations/Movie3455,MATILDA,2
http://www.semanticweb.org/emili/ontologies/2025/3/recommendations/Movie3536,UnknownMovie3536,2
http://www.semanticweb.org/emili/ontologies/2025/3/recommendations/Movie3923,GHOST RIDER,2
http://www.semanticweb.org/emili/ontologies/2025/3/recommendations/Movie4076,JOHNNY ENGLISH,2
http://www.semanticweb.org/emili/ontologies/2025/3/recommendations/Movie89,HIDALGO,2
http://www.semanticweb.org/emili/ontologies/2025/3/recommendations/Movie107,BEWITCHED,2
http://www.semanticweb.org/emili/ontologies/2025/3/recommendations/Movie150,UnknownMovie150,2
http://www.semanticweb.org/emili/ontologies/2025/3/recommendations/Movie152,UnknownMovie152,2
http://www.semanticweb.org/emili/ontologies/2025/3/recommendations/Movie190,UnknownMovie190,2
http://www.semanticweb.org/emili/ontologies/2025/3/recommendations/Movie196,ICE AGE: DAWN OF THE DINOSAURS,2
http://www.semanticweb.org/emili/ontologies/2025/3/recommendations/Movie2009,UnknownMovie2009,2
http://www.semanticweb.org/emili/ontologies/2025/3/recommendations/Movie223,PIRATES OF THE CARIBBEAN: AT WORLD'S END,2
http://www.semanticweb.org/emili/ontologies/2025/3/recommendations/Movie228,THE CODE,2
http://www.semanticweb.org/emili/ontologies/2025/3/recommendations/Movie250,THE GODFATHER PART III,2
http://www.semanticweb.org/emili/ontologies/2025/3/recommendations/Movie2628,FORREST GUMP,2
http://www.semanticweb.org/emili/ontologies/2025/3/recommendations/Movie2677,UnknownMovie2677,2
http://www.semanticweb.org/emili/ontologies/2025/3/recommendations/Movie3219,TERMINATOR 2: JUDGMENT DAY,2
http://www.semanticweb.org/emili/ontologies/2025/3/recommendations/Movie3312,THE THREE MUSKETEERS,2
http://www.semanticweb.org/emili/ontologies/2025/3/recommendations/Movie3650,SLEEPING BEAUTY,2
http://www.semanticweb.org/emili/ontologies/2025/3/recommendations/Movie3781,THE BUCKET LIST,2
http://www.semanticweb.org/emili/ontologies/2025/3/recommendations/Movie3847,BURLESQUE,2
http://www.semanticweb.org/emili/ontologies/2025/3/recommendations/Movie3954,STAR WARS EPISODE III: REVENGE OF THE SITH,2
http://www.semanticweb.org/emili/ontologies/2025/3/recommendations/Movie3966,NO STRINGS ATTACHED,2
http://www.semanticweb.org/emili/ontologies/2025/3/recommendations/Movie3970,UnknownMovie3970,2
http://www.semanticweb.org/emili/ontologies/2025/3/recommendations/Movie3999,I AM NUMBER FOUR,2
http://www.semanticweb.org/emili/ontologies/2025/3/recommendations/Movie4045,UnknownMovie4045,2
http://www.semanticweb.org/emili/ontologies/2025/3/recommendations/Movie4100,UnknownMovie4100,2
http://www.semanticweb.org/emili/ontologies/2025/3/recommendations/Movie4101,FOOTLOOSE,2
http://www.semanticweb.org/emili/ontologies/2025/3/recommendations/Movie4138,UnknownMovie4138,2
http://www.semanticweb.org/emili/ontologies/2025/3/recommendations/Movie4195,MELANCHOLIA,2
http://www.semanticweb.org/emili/ontologies/2025/3/recommendations/Movie4228,THE RUM DIARY,2
http://www.semanticweb.org/emili/ontologies/2025/3/recommendations/Movie4272,HUGO,2
http://www.semanticweb.org/emili/ontologies/2025/3/recommendations/Movie4300,UnknownMovie4300,2
http://www.semanticweb.org/emili/ontologies/2025/3/recommendations/Movie4306,UnknownMovie4306,2
http://www.semanticweb.org/emili/ontologies/2025/3/recommendations/Movie74,KINGDOM OF HEAVEN,2
http://www.semanticweb.org/emili/ontologies/2025/3/recommendations/Movie230,THE LORD OF THE RINGS: THE RETURN OF THE KING,2
http://www.semanticweb.org/emili/ontologies/2025/3/recommendations/Movie2713,UnknownMovie2713,2
http://www.semanticweb.org/emili/ontologies/2025/3/recommendations/Movie219,UnknownMovie219,2
http://www.semanticweb.org/emili/ontologies/2025/3/recommendations/Movie3504,RONIN,2
http://www.semanticweb.org/emili/ontologies/2025/3/recommendations/Movie3549,UnknownMovie3549,2
http://www.semanticweb.org/emili/ontologies/2025/3/recommendations/Movie3560,UnknownMovie3560,2
http://www.semanticweb.org/emili/ontologies/2025/3/recommendations/Movie3617,CHARLIE AND THE CHOCOLATE FACTORY,2
http://www.semanticweb.org/emili/ontologies/2025/3/recommendations/Movie202,THE EXPERIMENT,2
http://www.semanticweb.org/emili/ontologies/2025/3/recommendations/Movie3998,THE ADJUSTMENT BUREAU,2
http://www.semanticweb.org/emili/ontologies/2025/3/recommendations/Movie4057,TRANSFORMERS,2
http://www.semanticweb.org/emili/ontologies/2025/3/recommendations/Movie4043,CHOCOLAT,2
http://www.semanticweb.org/emili/ontologies/2025/3/recommendations/Movie2464,UnknownMovie2464,2
http://www.semanticweb.org/emili/ontologies/2025/3/recommendations/Movie51,V FOR VENDETTA,2
http://www.semanticweb.org/emili/ontologies/2025/3/recommendations/Movie106,I LOVE YOUR WORK,2
http://www.semanticweb.org/emili/ontologies/2025/3/recommendations/Movie110,DEATH BECOMES HER,2
http://www.semanticweb.org/emili/ontologies/2025/3/recommendations/Movie122,9,2
http://www.semanticweb.org/emili/ontologies/2025/3/recommendations/Movie123,MICHAEL CLAYTON,2
http://www.semanticweb.org/emili/ontologies/2025/3/recommendations/Movie125,DUETS,2
http://www.semanticweb.org/emili/ontologies/2025/3/recommendations/Movie176,TEETH,2
http://www.semanticweb.org/emili/ontologies/2025/3/recommendations/Movie2240,CARLITO'S WAY,2
http://www.semanticweb.org/emili/ontologies/2025/3/recommendations/Movie2994,UnknownMovie2994,2
http://www.semanticweb.org/emili/ontologies/2025/3/recommendations/Movie3508,LEMONY SNICKET'S A SERIES OF UNFORTUNATE EVENTS,2
http://www.semanticweb.org/emili/ontologies/2025/3/recommendations/Movie3588,HOSTAGE,2
http://www.semanticweb.org/emili/ontologies/2025/3/recommendations/Movie3696,UnknownMovie3696,2
http://www.semanticweb.org/emili/ontologies/2025/3/recommendations/Movie3720,UnknownMovie3720,2
http://www.semanticweb.org/emili/ontologies/2025/3/recommendations/Movie3782,UnknownMovie3782,2
http://www.semanticweb.org/emili/ontologies/2025/3/recommendations/Movie3788,THE COVE,2
http://www.semanticweb.org/emili/ontologies/2025/3/recommendations/Movie3825,LE CONCERT,2
http://www.semanticweb.org/emili/ontologies/2025/3/recommendations/Movie3827,THE PURSUIT OF HAPPYNESS,2
http://www.semanticweb.org/emili/ontologies/2025/3/recommendations/Movie3844,JACKASS 3,2
http://www.semanticweb.org/emili/ontologies/2025/3/recommendations/Movie3898,ESCAPE FROM ALCATRAZ,2
http://www.semanticweb.org/emili/ontologies/2025/3/recommendations/Movie4038,UnknownMovie4038,2
http://www.semanticweb.org/emili/ontologies/2025/3/recommendations/Movie4042,THE MISTRESS OF SPICES,2
http://www.semanticweb.org/emili/ontologies/2025/3/recommendations/Movie4064,UnknownMovie4064,2
http://www.semanticweb.org/emili/ontologies/2025/3/recommendations/Movie4078,CATWOMAN,2
http://www.semanticweb.org/emili/ontologies/2025/3/recommendations/Movie4148,LITTLE CHILDREN,2
http://www.semanticweb.org/emili/ontologies/2025/3/recommendations/Movie4151,SUPER 8,2
http://www.semanticweb.org/emili/ontologies/2025/3/recommendations/Movie4232,MARY AND MAX,2
http://www.semanticweb.org/emili/ontologies/2025/3/recommendations/Movie4295,OCEANS,2
http://www.semanticweb.org/emili/ontologies/2025/3/recommendations/Movie4299,8MM 2,2
http://www.semanticweb.org/emili/ontologies/2025/3/recommendations/Movie5,PATCH ADAMS,2
http://www.semanticweb.org/emili/ontologies/2025/3/recommendations/Movie64,BIRTHDAY GIRL,2
http://www.semanticweb.org/emili/ontologies/2025/3/recommendations/Movie84,THE THIN RED LINE,2
http://www.semanticweb.org/emili/ontologies/2025/3/recommendations/Movie3592,DONNIE DARKO,2
http://www.semanticweb.org/emili/ontologies/2025/3/recommendations/Movie3692,THE DA VINCI CODE,2
http://www.semanticweb.org/emili/ontologies/2025/3/recommendations/Movie4160,500 DAYS OF SUMMER,2
http://www.semanticweb.org/emili/ontologies/2025/3/recommendations/Movie3304,UNDERWORLD,2
http://www.semanticweb.org/emili/ontologies/2025/3/recommendations/Movie1938,MALLRATS,2
http://www.semanticweb.org/emili/ontologies/2025/3/recommendations/Movie3521,THE TOURNAMENT,2
http://www.semanticweb.org/emili/ontologies/2025/3/recommendations/Movie3628,THIRST,2
http://www.semanticweb.org/emili/ontologies/2025/3/recommendations/Movie3643,THE GIRL WHO PLAYED WITH FIRE,2
http://www.semanticweb.org/emili/ontologies/2025/3/recommendations/Movie3677,KNIGHT AND DAY,2
http://www.semanticweb.org/emili/ontologies/2025/3/recommendations/Movie98,ETERNAL SUNSHINE OF THE SPOTLESS MIND,2
http://www.semanticweb.org/emili/ontologies/2025/3/recommendations/Movie203,JUNO,2
http://www.semanticweb.org/emili/ontologies/2025/3/recommendations/Movie3918,THE LORD OF THE RINGS: THE FELLOWSHIP OF THE RING,2
http://www.semanticweb.org/emili/ontologies/2025/3/recommendations/Movie128,IP MAN,2
http://www.semanticweb.org/emili/ontologies/2025/3/recommendations/Movie146,JONAH HEX,2
http://www.semanticweb.org/emili/ontologies/2025/3/recommendations/Movie17,WILD TARGET,2
http://www.semanticweb.org/emili/ontologies/2025/3/recommendations/Movie26,MOON,2
http://www.semanticweb.org/emili/ontologies/2025/3/recommendations/Movie3029,UnknownMovie3029,2
http://www.semanticweb.org/emili/ontologies/2025/3/recommendations/Movie34,THE LAST BOY SCOUT,2
http://www.semanticweb.org/emili/ontologies/2025/3/recommendations/Movie3506,HOT TUB TIME MACHINE,2
http://www.semanticweb.org/emili/ontologies/2025/3/recommendations/Movie3687,THE SORCERER'S APPRENTICE,2
http://www.semanticweb.org/emili/ontologies/2025/3/recommendations/Movie3874,THE WAY BACK,2
http://www.semanticweb.org/emili/ontologies/2025/3/recommendations/Movie4081,DRIVE,2
http://www.semanticweb.org/emili/ontologies/2025/3/recommendations/Movie53,YOUTH IN REVOLT,2
http://www.semanticweb.org/emili/ontologies/2025/3/recommendations/Movie55,UnknownMovie55,2
http://www.semanticweb.org/emili/ontologies/2025/3/recommendations/Movie63,UnknownMovie63,2
http://www.semanticweb.org/emili/ontologies/2025/3/recommendations/Movie95,VALKYRIE,2
http://www.semanticweb.org/emili/ontologies/2025/3/recommendations/Movie111,THE SECRET OF KELLS,2
http://www.semanticweb.org/emili/ontologies/2025/3/recommendations/Movie143,UnknownMovie143,2
http://www.semanticweb.org/emili/ontologies/2025/3/recommendations/Movie19,LA TIGRE E LA NEVE,2
http://www.semanticweb.org/emili/ontologies/2025/3/recommendations/Movie224,UnknownMovie224,2
http://www.semanticweb.org/emili/ontologies/2025/3/recommendations/Movie238,CARANDIRU,2
http://www.semanticweb.org/emili/ontologies/2025/3/recommendations/Movie33,LITTLE MISS SUNSHINE,2
http://www.semanticweb.org/emili/ontologies/2025/3/recommendations/Movie3524,UnknownMovie3524,2
http://www.semanticweb.org/emili/ontologies/2025/3/recommendations/Movie3613,SOUL KITCHEN,2
http://www.semanticweb.org/emili/ontologies/2025/3/recommendations/Movie3780,UnknownMovie3780,2
http://www.semanticweb.org/emili/ontologies/2025/3/recommendations/Movie3886,THE GOOD HEART,2
http://www.semanticweb.org/emili/ontologies/2025/3/recommendations/Movie3896,THE SIMPSONS MOVIE,2
http://www.semanticweb.org/emili/ontologies/2025/3/recommendations/Movie3905,AALTRA,2
http://www.semanticweb.org/emili/ontologies/2025/3/recommendations/Movie3906,UnknownMovie3906,2
http://www.semanticweb.org/emili/ontologies/2025/3/recommendations/Movie35,UnknownMovie35,2
http://www.semanticweb.org/emili/ontologies/2025/3/recommendations/Movie3822,UnknownMovie3822,2
http://www.semanticweb.org/emili/ontologies/2025/3/recommendations/Movie4177,PERFUME: THE STORY OF A MURDERER,2
http://www.semanticweb.org/emili/ontologies/2025/3/recommendations/Movie94,THE SOLOIST,2
http://www.semanticweb.org/emili/ontologies/2025/3/recommendations/Movie180,LEAVES OF GRASS,2
http://www.semanticweb.org/emili/ontologies/2025/3/recommendations/Movie52,SERENITY,2
http://www.semanticweb.org/emili/ontologies/2025/3/recommendations/Movie58,THE WOLFMAN,2
http://www.semanticweb.org/emili/ontologies/2025/3/recommendations/Movie62,THE BOOK OF ELI,2
http://www.semanticweb.org/emili/ontologies/2025/3/recommendations/Movie3629,FANTASTIC MR. FOX,2
http://www.semanticweb.org/emili/ontologies/2025/3/recommendations/Movie3786,BLUE VALENTINE,2
http://www.semanticweb.org/emili/ontologies/2025/3/recommendations/Movie109,THE MAIDEN HEIST,2
http://www.semanticweb.org/emili/ontologies/2025/3/recommendations/Movie127,REC 2,2
http://www.semanticweb.org/emili/ontologies/2025/3/recommendations/Movie68,THE OTHER GUYS,2
http://www.semanticweb.org/emili/ontologies/2025/3/recommendations/Movie83,ROBIN HOOD,2
http://www.semanticweb.org/emili/ontologies/2025/3/recommendations/Movie131,UnknownMovie131,2
http://www.semanticweb.org/emili/ontologies/2025/3/recommendations/Movie2490,FRIED GREEN TOMATOES,2
http://www.semanticweb.org/emili/ontologies/2025/3/recommendations/Movie3697,A HISTORY OF VIOLENCE,2
http://www.semanticweb.org/emili/ontologies/2025/3/recommendations/Movie3723,YOU WILL MEET A TALL DARK STRANGER,2
http://www.semanticweb.org/emili/ontologies/2025/3/recommendations/Movie3725,THE 40 YEAR OLD VIRGIN,2
http://www.semanticweb.org/emili/ontologies/2025/3/recommendations/Movie3731,FORGETTING SARAH MARSHALL,2
http://www.semanticweb.org/emili/ontologies/2025/3/recommendations/Movie3772,THE FOUNTAIN,2
http://www.semanticweb.org/emili/ontologies/2025/3/recommendations/Movie3806,THE GAME,2
http://www.semanticweb.org/emili/ontologies/2025/3/recommendations/Movie3823,FRANTIC,2
http://www.semanticweb.org/emili/ontologies/2025/3/recommendations/Movie3879,MAD DOG AND GLORY,2
http://www.semanticweb.org/emili/ontologies/2025/3/recommendations/Movie3695,COP OUT,2
http://www.semanticweb.org/emili/ontologies/2025/3/recommendations/Movie136,TEKKEN,2
http://www.semanticweb.org/emili/ontologies/2025/3/recommendations/Movie3691,CLASH OF THE TITANS,2
http://www.semanticweb.org/emili/ontologies/2025/3/recommendations/Movie3979,BEASTLY,2
http://www.semanticweb.org/emili/ontologies/2025/3/recommendations/Movie4354,PROMETHEUS,2
http://www.semanticweb.org/emili/ontologies/2025/3/recommendations/Movie3943,"I LOVE YOU, MAN",2
http://www.semanticweb.org/emili/ontologies/2025/3/recommendations/Movie3526,TOP SECRET!,2
http://www.semanticweb.org/emili/ontologies/2025/3/recommendations/Movie194,NEW MOON,1
http://www.semanticweb.org/emili/ontologies/2025/3/recommendations/Movie2360,SPY HARD,1
http://www.semanticweb.org/emili/ontologies/2025/3/recommendations/Movie3543,THE LAST AIRBENDER,1
http://www.semanticweb.org/emili/ontologies/2025/3/recommendations/Movie3600,FROZEN,1
http://www.semanticweb.org/emili/ontologies/2025/3/recommendations/Movie3706,NAPOLEON DYNAMITE,1
http://www.semanticweb.org/emili/ontologies/2025/3/recommendations/Movie3754,CRANK,1
http://www.semanticweb.org/emili/ontologies/2025/3/recommendations/Movie3796,WAITING,1
http://www.semanticweb.org/emili/ontologies/2025/3/recommendations/Movie4090,A DANGEROUS METHOD,1
http://www.semanticweb.org/emili/ontologies/2025/3/recommendations/Movie4363,21 JUMP STREET,1
http://www.semanticweb.org/emili/ontologies/2025/3/recommendations/Movie4364,MAGIC MIKE,1
http://www.semanticweb.org/emili/ontologies/2025/3/recommendations/Movie3656,THE KIDS ARE ALL RIGHT,1
http://www.semanticweb.org/emili/ontologies/2025/3/recommendations/Movie3740,UnknownMovie3740,1
http://www.semanticweb.org/emili/ontologies/2025/3/recommendations/Movie4304,CARNAGE,1
http://www.semanticweb.org/emili/ontologies/2025/3/recommendations/Movie4320,MOTHER AND CHILD,1
http://www.semanticweb.org/emili/ontologies/2025/3/recommendations/Movie3824,YOU AGAIN,1
http://www.semanticweb.org/emili/ontologies/2025/3/recommendations/Movie3868,UnknownMovie3868,1
http://www.semanticweb.org/emili/ontologies/2025/3/recommendations/Movie3864,UnknownMovie3864,1
http://www.semanticweb.org/emili/ontologies/2025/3/recommendations/Movie3535,UnknownMovie3535,1
http://www.semanticweb.org/emili/ontologies/2025/3/recommendations/Movie3862,TAKEN,1
http://www.semanticweb.org/emili/ontologies/2025/3/recommendations/Movie3863,UnknownMovie3863,1
http://www.semanticweb.org/emili/ontologies/2025/3/recommendations/Movie3912,OLD DOGS,1
http://www.semanticweb.org/emili/ontologies/2025/3/recommendations/Movie3914,REMEMBER THE TITANS,1
http://www.semanticweb.org/emili/ontologies/2025/3/recommendations/Movie3946,UnknownMovie3946,1
http://www.semanticweb.org/emili/ontologies/2025/3/recommendations/Movie3947,MEET BILL,1
http://www.semanticweb.org/emili/ontologies/2025/3/recommendations/Movie4273,GHOSTS OF GIRLFRIENDS PAST,1
http://www.semanticweb.org/emili/ontologies/2025/3/recommendations/Movie11,SHE'S OUT OF MY LEAGUE,1
http://www.semanticweb.org/emili/ontologies/2025/3/recommendations/Movie112,INDIANA JONES AND THE TEMPLE OF DOOM,1
http://www.semanticweb.org/emili/ontologies/2025/3/recommendations/Movie15,DIRTY HARRY,1
http://www.semanticweb.org/emili/ontologies/2025/3/recommendations/Movie151,X-MEN 2,1
http://www.semanticweb.org/emili/ontologies/2025/3/recommendations/Movie167,THE BUTTERFLY EFFECT,1
http://www.semanticweb.org/emili/ontologies/2025/3/recommendations/Movie1905,UnknownMovie1905,1
http://www.semanticweb.org/emili/ontologies/2025/3/recommendations/Movie191,BLADE 2,1
http://www.semanticweb.org/emili/ontologies/2025/3/recommendations/Movie192,UnknownMovie192,1
http://www.semanticweb.org/emili/ontologies/2025/3/recommendations/Movie214,GOTHIKA,1
http://www.semanticweb.org/emili/ontologies/2025/3/recommendations/Movie215,THE CRAZIES,1
http://www.semanticweb.org/emili/ontologies/2025/3/recommendations/Movie220,UnknownMovie220,1
http://www.semanticweb.org/emili/ontologies/2025/3/recommendations/Movie229,CONFESSIONS OF A DANGEROUS MIND,1
http://www.semanticweb.org/emili/ontologies/2025/3/recommendations/Movie2343,UnknownMovie2343,1
http://www.semanticweb.org/emili/ontologies/2025/3/recommendations/Movie235,ORIGINAL SIN,1
http://www.semanticweb.org/emili/ontologies/2025/3/recommendations/Movie237,GUNLESS,1
http://www.semanticweb.org/emili/ontologies/2025/3/recommendations/Movie249,THE GODFATHER PART II,1
http://www.semanticweb.org/emili/ontologies/2025/3/recommendations/Movie2491,UnknownMovie2491,1
http://www.semanticweb.org/emili/ontologies/2025/3/recommendations/Movie2546,UnknownMovie2546,1
http://www.semanticweb.org/emili/ontologies/2025/3/recommendations/Movie2592,THE LION KING,1
http://www.semanticweb.org/emili/ontologies/2025/3/recommendations/Movie2646,UnknownMovie2646,1
http://www.semanticweb.org/emili/ontologies/2025/3/recommendations/Movie2679,GOODFELLAS,1
http://www.semanticweb.org/emili/ontologies/2025/3/recommendations/Movie2986,UnknownMovie2986,1
http://www.semanticweb.org/emili/ontologies/2025/3/recommendations/Movie3000,UnknownMovie3000,1
http://www.semanticweb.org/emili/ontologies/2025/3/recommendations/Movie3005,UnknownMovie3005,1
http://www.semanticweb.org/emili/ontologies/2025/3/recommendations/Movie3313,TIM BURTON'S THE NIGHTMARE BEFORE CHRISTMAS,1
http://www.semanticweb.org/emili/ontologies/2025/3/recommendations/Movie3347,UnknownMovie3347,1
http://www.semanticweb.org/emili/ontologies/2025/3/recommendations/Movie3514,TROY,1
http://www.semanticweb.org/emili/ontologies/2025/3/recommendations/Movie3515,FANTASTIC FOUR,1
http://www.semanticweb.org/emili/ontologies/2025/3/recommendations/Movie3516,FANTASTIC FOUR: RISE OF THE SILVER SURFER,1
http://www.semanticweb.org/emili/ontologies/2025/3/recommendations/Movie3546,COLD MOUNTAIN,1
http://www.semanticweb.org/emili/ontologies/2025/3/recommendations/Movie3550,THE INTERPRETER,1
http://www.semanticweb.org/emili/ontologies/2025/3/recommendations/Movie3744,UnknownMovie3744,1
http://www.semanticweb.org/emili/ontologies/2025/3/recommendations/Movie3745,UnknownMovie3745,1
http://www.semanticweb.org/emili/ontologies/2025/3/recommendations/Movie3753,LUCKY NUMBER SLEVIN,1
http://www.semanticweb.org/emili/ontologies/2025/3/recommendations/Movie3773,HUDSON HAWK,1
http://www.semanticweb.org/emili/ontologies/2025/3/recommendations/Movie3810,TOOTSIE,1
http://www.semanticweb.org/emili/ontologies/2025/3/recommendations/Movie3856,MONSTERS VS ALIENS,1
http://www.semanticweb.org/emili/ontologies/2025/3/recommendations/Movie3875,CONFUCIUS,1
http://www.semanticweb.org/emili/ontologies/2025/3/recommendations/Movie3883,THE GREAT ESCAPE,1
http://www.semanticweb.org/emili/ontologies/2025/3/recommendations/Movie3890,DEFENDOR,1
http://www.semanticweb.org/emili/ontologies/2025/3/recommendations/Movie3907,MAXIMUM OVERDRIVE,1
http://www.semanticweb.org/emili/ontologies/2025/3/recommendations/Movie3921,MARIE ANTOINETTE,1
http://www.semanticweb.org/emili/ontologies/2025/3/recommendations/Movie3927,WHY DID I GET MARRIED TOO,1
http://www.semanticweb.org/emili/ontologies/2025/3/recommendations/Movie3931,CHLOE,1
http://www.semanticweb.org/emili/ontologies/2025/3/recommendations/Movie3952,RED RIDING HOOD,1
http://www.semanticweb.org/emili/ontologies/2025/3/recommendations/Movie3965,ANGER MANAGEMENT,1
http://www.semanticweb.org/emili/ontologies/2025/3/recommendations/Movie3969,BATHING BEAUTY,1
http://www.semanticweb.org/emili/ontologies/2025/3/recommendations/Movie3971,LILI,1
http://www.semanticweb.org/emili/ontologies/2025/3/recommendations/Movie3973,IRMA LA DOUCE,1
http://www.semanticweb.org/emili/ontologies/2025/3/recommendations/Movie3991,THE STING,1
http://www.semanticweb.org/emili/ontologies/2025/3/recommendations/Movie4004,GREEN LANTERN,1
http://www.semanticweb.org/emili/ontologies/2025/3/recommendations/Movie4015,DAREDEVIL,1
http://www.semanticweb.org/emili/ontologies/2025/3/recommendations/Movie4016,UnknownMovie4016,1
http://www.semanticweb.org/emili/ontologies/2025/3/recommendations/Movie4019,THE HIT LIST,1
http://www.semanticweb.org/emili/ontologies/2025/3/recommendations/Movie4021,HARRY BROWN,1
http://www.semanticweb.org/emili/ontologies/2025/3/recommendations/Movie4026,CROSSING OVER,1
http://www.semanticweb.org/emili/ontologies/2025/3/recommendations/Movie4027,MARS NEEDS MOMS,1
http://www.semanticweb.org/emili/ontologies/2025/3/recommendations/Movie4028,THE CON ARTIST,1
http://www.semanticweb.org/emili/ontologies/2025/3/recommendations/Movie4037,UnknownMovie4037,1
http://www.semanticweb.org/emili/ontologies/2025/3/recommendations/Movie4041,HIGH CRIMES,1
http://www.semanticweb.org/emili/ontologies/2025/3/recommendations/Movie4050,UnknownMovie4050,1
http://www.semanticweb.org/emili/ontologies/2025/3/recommendations/Movie4054,FRIENDS WITH BENEFITS,1
http://www.semanticweb.org/emili/ontologies/2025/3/recommendations/Movie4055,THE BEAVER,1
http://www.semanticweb.org/emili/ontologies/2025/3/recommendations/Movie4061,UnknownMovie4061,1
http://www.semanticweb.org/emili/ontologies/2025/3/recommendations/Movie4105,GANTZ,1
http://www.semanticweb.org/emili/ontologies/2025/3/recommendations/Movie4146,PLANET OF THE APES,1
http://www.semanticweb.org/emili/ontologies/2025/3/recommendations/Movie4162,MYSTIC PIZZA,1
http://www.semanticweb.org/emili/ontologies/2025/3/recommendations/Movie4163,THE HELP,1
http://www.semanticweb.org/emili/ontologies/2025/3/recommendations/Movie4173,REAL STEEL,1
http://www.semanticweb.org/emili/ontologies/2025/3/recommendations/Movie4199,THROW MOMMA FROM THE TRAIN,1
http://www.semanticweb.org/emili/ontologies/2025/3/recommendations/Movie4236,WHAT'S YOUR NUMBER,1
http://www.semanticweb.org/emili/ontologies/2025/3/recommendations/Movie4237,VICKY THE VIKING,1
http://www.semanticweb.org/emili/ontologies/2025/3/recommendations/Movie4270,THE INCREDIBLE HULK,1
http://www.semanticweb.org/emili/ontologies/2025/3/recommendations/Movie4274,MEMOIRS OF A GEISHA,1
http://www.semanticweb.org/emili/ontologies/2025/3/recommendations/Movie4281,JACK AND JILL,1
http://www.semanticweb.org/emili/ontologies/2025/3/recommendations/Movie4282,CONTAGION,1
http://www.semanticweb.org/emili/ontologies/2025/3/recommendations/Movie4301,MY WEEK WITH MARILYN,1
http://www.semanticweb.org/emili/ontologies/2025/3/recommendations/Movie4314,NOTTING HILL,1
http://www.semanticweb.org/emili/ontologies/2025/3/recommendations/Movie4316,THE IRON LADY,1
http://www.semanticweb.org/emili/ontologies/2025/3/recommendations/Movie4324,UnknownMovie4324,1
http://www.semanticweb.org/emili/ontologies/2025/3/recommendations/Movie4325,UnknownMovie4325,1
http://www.semanticweb.org/emili/ontologies/2025/3/recommendations/Movie4326,UnknownMovie4326,1
http://www.semanticweb.org/emili/ontologies/2025/3/recommendations/Movie4329,THE LAST KING OF SCOTLAND,1
http://www.semanticweb.org/emili/ontologies/2025/3/recommendations/Movie4331,JOHN CARTER,1
http://www.semanticweb.org/emili/ontologies/2025/3/recommendations/Movie4333,DUNE,1
http://www.semanticweb.org/emili/ontologies/2025/3/recommendations/Movie4348,WE BOUGHT A ZOO,1
http://www.semanticweb.org/emili/ontologies/2025/3/recommendations/Movie4349,"MIRROR, MIRROR",1
http://www.semanticweb.org/emili/ontologies/2025/3/recommendations/Movie4350,MACHINE GUN PREACHER,1
http://www.semanticweb.org/emili/ontologies/2025/3/recommendations/Movie4351,UnknownMovie4351,1
http://www.semanticweb.org/emili/ontologies/2025/3/recommendations/Movie4360,CRY-BABY,1
http://www.semanticweb.org/emili/ontologies/2025/3/recommendations/Movie3976,MEET THE PARENTS,1
http://www.semanticweb.org/emili/ontologies/2025/3/recommendations/Movie3977,UnknownMovie3977,1
http://www.semanticweb.org/emili/ontologies/2025/3/recommendations/Movie149,BLADE RUNNER,1
http://www.semanticweb.org/emili/ontologies/2025/3/recommendations/Movie244,THE MATRIX,1
http://www.semanticweb.org/emili/ontologies/2025/3/recommendations/Movie4171,25TH HOUR,1
http://www.semanticweb.org/emili/ontologies/2025/3/recommendations/Movie2116,JURASSIC PARK,1
http://www.semanticweb.org/emili/ontologies/2025/3/recommendations/Movie4117,THE COLOR WHEEL,1
http://www.semanticweb.org/emili/ontologies/2025/3/recommendations/Movie4118,LES CHORISTES,1
http://www.semanticweb.org/emili/ontologies/2025/3/recommendations/Movie3525,UnknownMovie3525,1
http://www.semanticweb.org/emili/ontologies/2025/3/recommendations/Movie3547,FINDING NEMO,1
http://www.semanticweb.org/emili/ontologies/2025/3/recommendations/Movie3556,SHREK,1
http://www.semanticweb.org/emili/ontologies/2025/3/recommendations/Movie3746,RAMBO,1
http://www.semanticweb.org/emili/ontologies/2025/3/recommendations/Movie3880,THE WIZARD OF OZ,1
http://www.semanticweb.org/emili/ontologies/2025/3/recommendations/Movie3996,TAKE ME HOME TONIGHT,1
http://www.semanticweb.org/emili/ontologies/2025/3/recommendations/Movie4107,CARS 2,1
http://www.semanticweb.org/emili/ontologies/2025/3/recommendations/Movie4120,BANDIDAS,1
http://www.semanticweb.org/emili/ontologies/2025/3/recommendations/Movie4123,UnknownMovie4123,1
http://www.semanticweb.org/emili/ontologies/2025/3/recommendations/Movie4126,WHO KILLED THE ELECTRIC CAR,1
http://www.semanticweb.org/emili/ontologies/2025/3/recommendations/Movie4137,UnknownMovie4137,1
http://www.semanticweb.org/emili/ontologies/2025/3/recommendations/Movie4186,UnknownMovie4186,1
http://www.semanticweb.org/emili/ontologies/2025/3/recommendations/Movie4242,INSIDE JOB,1
http://www.semanticweb.org/emili/ontologies/2025/3/recommendations/Movie4296,UnknownMovie4296,1
http://www.semanticweb.org/emili/ontologies/2025/3/recommendations/Movie4332,UnknownMovie4332,1
http://www.semanticweb.org/emili/ontologies/2025/3/recommendations/Movie4309,UnknownMovie4309,1
http://www.semanticweb.org/emili/ontologies/2025/3/recommendations/Movie164,WHATEVER WORKS,1
http://www.semanticweb.org/emili/ontologies/2025/3/recommendations/Movie3689,ANGELS & DEMONS,1
http://www.semanticweb.org/emili/ontologies/2025/3/recommendations/Movie4133,UnknownMovie4133,1
http://www.semanticweb.org/emili/ontologies/2025/3/recommendations/Movie3775,UnknownMovie3775,1
http://www.semanticweb.org/emili/ontologies/2025/3/recommendations/Movie4129,SHOOTER,1
http://www.semanticweb.org/emili/ontologies/2025/3/recommendations/Movie3224,UnknownMovie3224,1
http://www.semanticweb.org/emili/ontologies/2025/3/recommendations/Movie4157,SUPERMAN RETURNS,1
http://www.semanticweb.org/emili/ontologies/2025/3/recommendations/Movie4158,OUT COLD,1
http://www.semanticweb.org/emili/ontologies/2025/3/recommendations/Movie4180,THE EXORCIST,1
http://www.semanticweb.org/emili/ontologies/2025/3/recommendations/Movie4215,VAN WILDER,1
http://www.semanticweb.org/emili/ontologies/2025/3/recommendations/Movie4220,I HOPE THEY SERVE BEER IN HELL,1
http://www.semanticweb.org/emili/ontologies/2025/3/recommendations/Movie4221,INVICTUS,1
http://www.semanticweb.org/emili/ontologies/2025/3/recommendations/Movie130,UnknownMovie130,1
http://www.semanticweb.org/emili/ontologies/2025/3/recommendations/Movie12,UnknownMovie12,1
http://www.semanticweb.org/emili/ontologies/2025/3/recommendations/Movie226,THE LORD OF THE RINGS: THE TWO TOWERS,1
http://www.semanticweb.org/emili/ontologies/2025/3/recommendations/Movie29,BAD BOYS 2,1
http://www.semanticweb.org/emili/ontologies/2025/3/recommendations/Movie3,LETTERS TO JULIET,1
http://www.semanticweb.org/emili/ontologies/2025/3/recommendations/Movie4040,FROM PRADA TO NADA,1
http://www.semanticweb.org/emili/ontologies/2025/3/recommendations/Movie129,ARMAGEDDON,1
http://www.semanticweb.org/emili/ontologies/2025/3/recommendations/Movie2281,TRAINSPOTTING,1
http://www.semanticweb.org/emili/ontologies/2025/3/recommendations/Movie3522,THE WHOLE NINE YARDS,1
http://www.semanticweb.org/emili/ontologies/2025/3/recommendations/Movie3826,EVERYTHING IS ILLUMINATED,1
http://www.semanticweb.org/emili/ontologies/2025/3/recommendations/Movie3968,LETHAL WEAPON,1
http://www.semanticweb.org/emili/ontologies/2025/3/recommendations/Movie3994,HEARTBREAK RIDGE,1
http://www.semanticweb.org/emili/ontologies/2025/3/recommendations/Movie4017,UnknownMovie4017,1
http://www.semanticweb.org/emili/ontologies/2025/3/recommendations/Movie4048,CALENDAR GIRLS,1
http://www.semanticweb.org/emili/ontologies/2025/3/recommendations/Movie4114,CLEANER,1
http://www.semanticweb.org/emili/ontologies/2025/3/recommendations/Movie4271,UnknownMovie4271,1
http://www.semanticweb.org/emili/ontologies/2025/3/recommendations/Movie7,BEYOND BORDERS,1
http://www.semanticweb.org/emili/ontologies/2025/3/recommendations/Movie88,DIRTY DEEDS,1
http://www.semanticweb.org/emili/ontologies/2025/3/recommendations/Movie3983,HALL PASS,1
http://www.semanticweb.org/emili/ontologies/2025/3/recommendations/Movie3675,UnknownMovie3675,1
http://www.semanticweb.org/emili/ontologies/2025/3/recommendations/Movie1886,BASIC INSTINCT,1
http://www.semanticweb.org/emili/ontologies/2025/3/recommendations/Movie225,THE FAMILY MAN,1
http://www.semanticweb.org/emili/ontologies/2025/3/recommendations/Movie4192,UnknownMovie4192,1
http://www.semanticweb.org/emili/ontologies/2025/3/recommendations/Movie4213,DYING YOUNG,1
http://www.semanticweb.org/emili/ontologies/2025/3/recommendations/Movie4214,YES MAN,1
http://www.semanticweb.org/emili/ontologies/2025/3/recommendations/Movie4248,SPANGLISH,1
http://www.semanticweb.org/emili/ontologies/2025/3/recommendations/Movie4197,THE IDES OF MARCH,1
http://www.semanticweb.org/emili/ontologies/2025/3/recommendations/Movie4235,THE BIG LEBOWSKI,1
http://www.semanticweb.org/emili/ontologies/2025/3/recommendations/Movie3211,UnknownMovie3211,1
http://www.semanticweb.org/emili/ontologies/2025/3/recommendations/Movie4030,SENNA,1
http://www.semanticweb.org/emili/ontologies/2025/3/recommendations/Movie3835,UnknownMovie3835,1
http://www.semanticweb.org/emili/ontologies/2025/3/recommendations/Movie4289,HOME ALONE 3,1
http://www.semanticweb.org/emili/ontologies/2025/3/recommendations/Movie193,TWILIGHT,1
http://www.semanticweb.org/emili/ontologies/2025/3/recommendations/Movie3124,INTERVIEW WITH THE VAMPIRE,1
http://www.semanticweb.org/emili/ontologies/2025/3/recommendations/Movie3601,REMEMBER ME,1
http://www.semanticweb.org/emili/ontologies/2025/3/recommendations/Movie3728,HARRY POTTER AND THE ORDER OF THE PHOENIX,1
http://www.semanticweb.org/emili/ontologies/2025/3/recommendations/Movie4095,WHAT HAPPENS IN VEGAS,1
http://www.semanticweb.org/emili/ontologies/2025/3/recommendations/Movie4130,WATER FOR ELEPHANTS,1
http://www.semanticweb.org/emili/ontologies/2025/3/recommendations/Movie4131,BREAKING DAWN,1
http://www.semanticweb.org/emili/ontologies/2025/3/recommendations/Movie4141,THE NOTEBOOK,1
http://www.semanticweb.org/emili/ontologies/2025/3/recommendations/Movie4169,BRIDGET JONES: THE EDGE OF REASON,1
http://www.semanticweb.org/emili/ontologies/2025/3/recommendations/Movie4291,27 DRESSES,1
http://www.semanticweb.org/emili/ontologies/2025/3/recommendations/Movie4292,WHAT A GIRL WANTS,1
http://www.semanticweb.org/emili/ontologies/2025/3/recommendations/Movie4293,JUST MY LUCK,1
http://www.semanticweb.org/emili/ontologies/2025/3/recommendations/Movie4294,THE LAST SONG,1
http://www.semanticweb.org/emili/ontologies/2025/3/recommendations/Movie3589,STAR WARS EPISODE I: THE PHANTOM MENACE,1
http://www.semanticweb.org/emili/ontologies/2025/3/recommendations/Movie3590,STAR WARS EPISODE II: ATTACK OF THE CLONES,1
http://www.semanticweb.org/emili/ontologies/2025/3/recommendations/Movie145,UnknownMovie145,1
http://www.semanticweb.org/emili/ontologies/2025/3/recommendations/Movie148,THEY LIVE,1
http://www.semanticweb.org/emili/ontologies/2025/3/recommendations/Movie204,UnknownMovie204,1
http://www.semanticweb.org/emili/ontologies/2025/3/recommendations/Movie253,I LOVE YOU PHILLIP MORRIS,1
http://www.semanticweb.org/emili/ontologies/2025/3/recommendations/Movie255,SEX AND ZEN,1
http://www.semanticweb.org/emili/ontologies/2025/3/recommendations/Movie3520,UnknownMovie3520,1
http://www.semanticweb.org/emili/ontologies/2025/3/recommendations/Movie3637,SRPSKI FILM,1
http://www.semanticweb.org/emili/ontologies/2025/3/recommendations/Movie3638,STAN HELSING,1
http://www.semanticweb.org/emili/ontologies/2025/3/recommendations/Movie3639,UnknownMovie3639,1
http://www.semanticweb.org/emili/ontologies/2025/3/recommendations/Movie3644,UnknownMovie3644,1
http://www.semanticweb.org/emili/ontologies/2025/3/recommendations/Movie3774,UnknownMovie3774,1
http://www.semanticweb.org/emili/ontologies/2025/3/recommendations/Movie4203,UnknownMovie4203,1
http://www.semanticweb.org/emili/ontologies/2025/3/recommendations/Movie4204,MALIBU EXPRESS,1
http://www.semanticweb.org/emili/ontologies/2025/3/recommendations/Movie4205,PICASSO TRIGGER,1
http://www.semanticweb.org/emili/ontologies/2025/3/recommendations/Movie4206,SAVAGE BEACH,1
http://www.semanticweb.org/emili/ontologies/2025/3/recommendations/Movie4207,THE DALLAS CONNECTION,1
http://www.semanticweb.org/emili/ontologies/2025/3/recommendations/Movie4208,UnknownMovie4208,1
http://www.semanticweb.org/emili/ontologies/2025/3/recommendations/Movie4211,UnknownMovie4211,1
http://www.semanticweb.org/emili/ontologies/2025/3/recommendations/Movie60,UnknownMovie60,1
http://www.semanticweb.org/emili/ontologies/2025/3/recommendations/Movie2141,UnknownMovie2141,1
http://www.semanticweb.org/emili/ontologies/2025/3/recommendations/Movie135,INGLOURIOUS BASTERDS,1
http://www.semanticweb.org/emili/ontologies/2025/3/recommendations/Movie1972,DIE HARD: WITH A VENGEANCE,1
http://www.semanticweb.org/emili/ontologies/2025/3/recommendations/Movie3030,PUSHING HANDS,1
http://www.semanticweb.org/emili/ontologies/2025/3/recommendations/Movie3188,EAT DRINK MAN WOMAN,1
http://www.semanticweb.org/emili/ontologies/2025/3/recommendations/Movie3443,ESCAPE FROM L.A.,1
http://www.semanticweb.org/emili/ontologies/2025/3/recommendations/Movie3633,FROM PARIS WITH LOVE,1
http://www.semanticweb.org/emili/ontologies/2025/3/recommendations/Movie3634,UnknownMovie3634,1
http://www.semanticweb.org/emili/ontologies/2025/3/recommendations/Movie3662,THE MEN WHO STARE AT GOATS,1
http://www.semanticweb.org/emili/ontologies/2025/3/recommendations/Movie3663,LAW ABIDING CITIZEN,1
http://www.semanticweb.org/emili/ontologies/2025/3/recommendations/Movie3664,ZOMBIELAND,1
http://www.semanticweb.org/emili/ontologies/2025/3/recommendations/Movie3665,THE BOONDOCK SAINTS II: ALL SAINTS DAY,1
http://www.semanticweb.org/emili/ontologies/2025/3/recommendations/Movie3666,THE INFORMANT!,1
http://www.semanticweb.org/emili/ontologies/2025/3/recommendations/Movie3668,CIRQUE DU FREAK: THE VAMPIRE'S ASSISTANT,1
http://www.semanticweb.org/emili/ontologies/2025/3/recommendations/Movie3669,ARMORED,1
http://www.semanticweb.org/emili/ontologies/2025/3/recommendations/Movie3797,UnknownMovie3797,1
http://www.semanticweb.org/emili/ontologies/2025/3/recommendations/Movie3832,UnknownMovie3832,1
http://www.semanticweb.org/emili/ontologies/2025/3/recommendations/Movie3888,UnknownMovie3888,1
http://www.semanticweb.org/emili/ontologies/2025/3/recommendations/Movie3889,SEXY BEAST,1
http://www.semanticweb.org/emili/ontologies/2025/3/recommendations/Movie3900,OUTLANDER,1
http://www.semanticweb.org/emili/ontologies/2025/3/recommendations/Movie3901,MR. NICE,1
http://www.semanticweb.org/emili/ontologies/2025/3/recommendations/Movie3915,UnknownMovie3915,1
http://www.semanticweb.org/emili/ontologies/2025/3/recommendations/Movie3930,UnknownMovie3930,1
http://www.semanticweb.org/emili/ontologies/2025/3/recommendations/Movie3967,I HEART HUCKABEES,1
http://www.semanticweb.org/emili/ontologies/2025/3/recommendations/Movie3975,THE BIG BANG,1
http://www.semanticweb.org/emili/ontologies/2025/3/recommendations/Movie3984,DIE HARD 4,1
http://www.semanticweb.org/emili/ontologies/2025/3/recommendations/Movie4001,UnknownMovie4001,1
http://www.semanticweb.org/emili/ontologies/2025/3/recommendations/Movie4065,UnknownMovie4065,1
http://www.semanticweb.org/emili/ontologies/2025/3/recommendations/Movie4082,THE LEDGE,1
http://www.semanticweb.org/emili/ontologies/2025/3/recommendations/Movie4125,SON OF NO ONE,1
http://www.semanticweb.org/emili/ontologies/2025/3/recommendations/Movie4127,UnknownMovie4127,1
http://www.semanticweb.org/emili/ontologies/2025/3/recommendations/Movie4128,THE ROAD,1
http://www.semanticweb.org/emili/ontologies/2025/3/recommendations/Movie4144,SALVATION BOULEVARD,1
http://www.semanticweb.org/emili/ontologies/2025/3/recommendations/Movie4155,UnknownMovie4155,1
http://www.semanticweb.org/emili/ontologies/2025/3/recommendations/Movie4159,AJEOSSI,1
http://www.semanticweb.org/emili/ontologies/2025/3/recommendations/Movie4166,UnknownMovie4166,1
http://www.semanticweb.org/emili/ontologies/2025/3/recommendations/Movie8,DEATH PROOF,1
http://www.semanticweb.org/emili/ontologies/2025/3/recommendations/Movie210,UnknownMovie210,1
http://www.semanticweb.org/emili/ontologies/2025/3/recommendations/Movie3645,UnknownMovie3645,1
http://www.semanticweb.org/emili/ontologies/2025/3/recommendations/Movie40,UnknownMovie40,1
http://www.semanticweb.org/emili/ontologies/2025/3/recommendations/Movie3558,BAL,1
http://www.semanticweb.org/emili/ontologies/2025/3/recommendations/Movie3561,UnknownMovie3561,1
http://www.semanticweb.org/emili/ontologies/2025/3/recommendations/Movie3566,LEBANON,1
http://www.semanticweb.org/emili/ontologies/2025/3/recommendations/Movie3611,EASY A,1
http://www.semanticweb.org/emili/ontologies/2025/3/recommendations/Movie3924,UnknownMovie3924,1
http://www.semanticweb.org/emili/ontologies/2025/3/recommendations/Movie3939,L'ILLUSIONNISTE,1
http://www.semanticweb.org/emili/ontologies/2025/3/recommendations/Movie21,ANTICHRIST,1
http://www.semanticweb.org/emili/ontologies/2025/3/recommendations/Movie22,A SCENE AT THE SEA,1
http://www.semanticweb.org/emili/ontologies/2025/3/recommendations/Movie185,LE FATE IGNORANTI,1
http://www.semanticweb.org/emili/ontologies/2025/3/recommendations/Movie3557,UnknownMovie3557,1
http://www.semanticweb.org/emili/ontologies/2025/3/recommendations/Movie3693,THE SWITCH,1
http://www.semanticweb.org/emili/ontologies/2025/3/recommendations/Movie3839,UnknownMovie3839,1
http://www.semanticweb.org/emili/ontologies/2025/3/recommendations/Movie3903,BENVENUTI AL SUD,1
http://www.semanticweb.org/emili/ontologies/2025/3/recommendations/Movie3936,UnknownMovie3936,1
http://www.semanticweb.org/emili/ontologies/2025/3/recommendations/Movie3937,UnknownMovie3937,1
http://www.semanticweb.org/emili/ontologies/2025/3/recommendations/Movie3948,UnknownMovie3948,1
http://www.semanticweb.org/emili/ontologies/2025/3/recommendations/Movie4106,UnknownMovie4106,1
http://www.semanticweb.org/emili/ontologies/2025/3/recommendations/Movie37,UnknownMovie37,1
http://www.semanticweb.org/emili/ontologies/2025/3/recommendations/Movie4099,MR. POPPER'S PENGUINS,1
http://www.semanticweb.org/emili/ontologies/2025/3/recommendations/Movie4110,HOW TO LOSE A GUY IN 10 DAYS,1
http://www.semanticweb.org/emili/ontologies/2025/3/recommendations/Movie4176,BARFUSS,1
http://www.semanticweb.org/emili/ontologies/2025/3/recommendations/Movie4193,GLASS HOUSE: THE GOOD MOTHER,1
http://www.semanticweb.org/emili/ontologies/2025/3/recommendations/Movie4196,UnknownMovie4196,1
http://www.semanticweb.org/emili/ontologies/2025/3/recommendations/Movie4370,THE MUPPETS,1
http://www.semanticweb.org/emili/ontologies/2025/3/recommendations/Movie4371,DELICACY,1
http://www.semanticweb.org/emili/ontologies/2025/3/recommendations/Movie4377,HOW THE GRINCH STOLE CHRISTMAS,1
http://www.semanticweb.org/emili/ontologies/2025/3/recommendations/Movie4379,HOLLYWOO,1
http://www.semanticweb.org/emili/ontologies/2025/3/recommendations/Movie4,UnknownMovie4,1
http://www.semanticweb.org/emili/ontologies/2025/3/recommendations/Movie239,MUTANTS,1
http://www.semanticweb.org/emili/ontologies/2025/3/recommendations/Movie240,EDEN LOG,1
http://www.semanticweb.org/emili/ontologies/2025/3/recommendations/Movie25,DIE HARD 2,1
http://www.semanticweb.org/emili/ontologies/2025/3/recommendations/Movie3732,UnknownMovie3732,1
http://www.semanticweb.org/emili/ontologies/2025/3/recommendations/Movie3798,DISTURBING BEHAVIOR,1
http://www.semanticweb.org/emili/ontologies/2025/3/recommendations/Movie103,CELDA 211,1
http://www.semanticweb.org/emili/ontologies/2025/3/recommendations/Movie3571,UnknownMovie3571,1
http://www.semanticweb.org/emili/ontologies/2025/3/recommendations/Movie3572,"RUN, MAN, RUN",1
http://www.semanticweb.org/emili/ontologies/2025/3/recommendations/Movie3573,UnknownMovie3573,1
http://www.semanticweb.org/emili/ontologies/2025/3/recommendations/Movie3574,COLD WEATHER,1
http://www.semanticweb.org/emili/ontologies/2025/3/recommendations/Movie3575,CERTIFIED COPY,1
http://www.semanticweb.org/emili/ontologies/2025/3/recommendations/Movie3576,UnknownMovie3576,1
http://www.semanticweb.org/emili/ontologies/2025/3/recommendations/Movie3577,HONEY,1
http://www.semanticweb.org/emili/ontologies/2025/3/recommendations/Movie3578,LA PIVELLINA,1
http://www.semanticweb.org/emili/ontologies/2025/3/recommendations/Movie137,THE LOSERS,1
http://www.semanticweb.org/emili/ontologies/2025/3/recommendations/Movie133,HARDWARE,1
http://www.semanticweb.org/emili/ontologies/2025/3/recommendations/Movie165,RED CLIFF,1
http://www.semanticweb.org/emili/ontologies/2025/3/recommendations/Movie181,UnknownMovie181,1
http://www.semanticweb.org/emili/ontologies/2025/3/recommendations/Movie182,ZOOLANDER,1
http://www.semanticweb.org/emili/ontologies/2025/3/recommendations/Movie50,SEXMISSION,1
http://www.semanticweb.org/emili/ontologies/2025/3/recommendations/Movie56,NINJA ASSASSIN,1
http://www.semanticweb.org/emili/ontologies/2025/3/recommendations/Movie57,BOOGIE NIGHTS,1
http://www.semanticweb.org/emili/ontologies/2025/3/recommendations/Movie78,WATCHMEN,1
http://www.semanticweb.org/emili/ontologies/2025/3/recommendations/Movie96,SUCK,1
http://www.semanticweb.org/emili/ontologies/2025/3/recommendations/Movie3702,UNTHINKABLE,1
http://www.semanticweb.org/emili/ontologies/2025/3/recommendations/Movie3941,DES HOMMES ET DES DIEUX,1
http://www.semanticweb.org/emili/ontologies/2025/3/recommendations/Movie4023,NOCTURNA,1
http://www.semanticweb.org/emili/ontologies/2025/3/recommendations/Movie75,AMERICAN PSYCHO,1
http://www.semanticweb.org/emili/ontologies/2025/3/recommendations/Movie144,CASE 39,1
http://www.semanticweb.org/emili/ontologies/2025/3/recommendations/Movie197,BLIND SIDE,1
http://www.semanticweb.org/emili/ontologies/2025/3/recommendations/Movie241,THE PRESTIGE,1
http://www.semanticweb.org/emili/ontologies/2025/3/recommendations/Movie3627,FOUR LIONS,1
http://www.semanticweb.org/emili/ontologies/2025/3/recommendations/Movie3730,SNOW CAKE,1
http://www.semanticweb.org/emili/ontologies/2025/3/recommendations/Movie3790,SURVEILLANCE,1
http://www.semanticweb.org/emili/ontologies/2025/3/recommendations/Movie4062,INK,1
http://www.semanticweb.org/emili/ontologies/2025/3/recommendations/Movie4084,OLD BOY,1
http://www.semanticweb.org/emili/ontologies/2025/3/recommendations/Movie4260,THE ILLUSIONIST,1
http://www.semanticweb.org/emili/ontologies/2025/3/recommendations/Movie92,UnknownMovie92,1
http://www.semanticweb.org/emili/ontologies/2025/3/recommendations/Movie82,UnknownMovie82,1
http://www.semanticweb.org/emili/ontologies/2025/3/recommendations/Movie85,SPY GAME,1
http://www.semanticweb.org/emili/ontologies/2025/3/recommendations/Movie93,AFTER.LIFE,1
http://www.semanticweb.org/emili/ontologies/2025/3/recommendations/Movie117,OKURIBITO,1
http://www.semanticweb.org/emili/ontologies/2025/3/recommendations/Movie119,ZWARTBOEK,1
http://www.semanticweb.org/emili/ontologies/2025/3/recommendations/Movie158,GHOST TOWN,1
http://www.semanticweb.org/emili/ontologies/2025/3/recommendations/Movie2036,THE BIRDCAGE,1
http://www.semanticweb.org/emili/ontologies/2025/3/recommendations/Movie2660,BULLETS OVER BROADWAY,1
http://www.semanticweb.org/emili/ontologies/2025/3/recommendations/Movie3025,UnknownMovie3025,1
http://www.semanticweb.org/emili/ontologies/2025/3/recommendations/Movie3564,UnknownMovie3564,1
http://www.semanticweb.org/emili/ontologies/2025/3/recommendations/Movie3625,ALONG CAME POLLY,1
http://www.semanticweb.org/emili/ontologies/2025/3/recommendations/Movie3793,HAIR,1
http://www.semanticweb.org/emili/ontologies/2025/3/recommendations/Movie3932,SINGLES,1
http://www.semanticweb.org/emili/ontologies/2025/3/recommendations/Movie3955,NOTES ON A SCANDAL,1
http://www.semanticweb.org/emili/ontologies/2025/3/recommendations/Movie4212,JAMON JAMON,1
http://www.semanticweb.org/emili/ontologies/2025/3/recommendations/Movie4230,TINKER TAILOR SOLDIER SPY,1
http://www.semanticweb.org/emili/ontologies/2025/3/recommendations/Movie4251,DECONSTRUCTING HARRY,1
http://www.semanticweb.org/emili/ontologies/2025/3/recommendations/Movie4267,YOUNG ADULT,1
http://www.semanticweb.org/emili/ontologies/2025/3/recommendations/Movie4276,"GIRL, INTERRUPTED",1
http://www.semanticweb.org/emili/ontologies/2025/3/recommendations/Movie4287,UnknownMovie4287,1
http://www.semanticweb.org/emili/ontologies/2025/3/recommendations/Movie100,DON'T LOOK NOW,1
http://www.semanticweb.org/emili/ontologies/2025/3/recommendations/Movie101,UnknownMovie101,1
http://www.semanticweb.org/emili/ontologies/2025/3/recommendations/Movie14,UnknownMovie14,1
http://www.semanticweb.org/emili/ontologies/2025/3/recommendations/Movie142,X-MEN ORIGINS: WOLVERINE,1
http://www.semanticweb.org/emili/ontologies/2025/3/recommendations/Movie195,EDWARD SCISSORHANDS,1
http://www.semanticweb.org/emili/ontologies/2025/3/recommendations/Movie1974,DESPERADO,1
http://www.semanticweb.org/emili/ontologies/2025/3/recommendations/Movie2015,UnknownMovie2015,1
http://www.semanticweb.org/emili/ontologies/2025/3/recommendations/Movie217,UnknownMovie217,1
http://www.semanticweb.org/emili/ontologies/2025/3/recommendations/Movie3116,CHASING AMY,1
http://www.semanticweb.org/emili/ontologies/2025/3/recommendations/Movie3501,TOY STORY,1
http://www.semanticweb.org/emili/ontologies/2025/3/recommendations/Movie3559,SHREK 2,1
http://www.semanticweb.org/emili/ontologies/2025/3/recommendations/Movie3569,THE WAR OF THE ROSES,1
http://www.semanticweb.org/emili/ontologies/2025/3/recommendations/Movie3580,UnknownMovie3580,1
http://www.semanticweb.org/emili/ontologies/2025/3/recommendations/Movie3593,LADY AND THE TRAMP,1
http://www.semanticweb.org/emili/ontologies/2025/3/recommendations/Movie3602,UnknownMovie3602,1
http://www.semanticweb.org/emili/ontologies/2025/3/recommendations/Movie3605,UnknownMovie3605,1
http://www.semanticweb.org/emili/ontologies/2025/3/recommendations/Movie3606,STARDUST,1
http://www.semanticweb.org/emili/ontologies/2025/3/recommendations/Movie3636,UnknownMovie3636,1
http://www.semanticweb.org/emili/ontologies/2025/3/recommendations/Movie3647,UnknownMovie3647,1
http://www.semanticweb.org/emili/ontologies/2025/3/recommendations/Movie3651,UnknownMovie3651,1
http://www.semanticweb.org/emili/ontologies/2025/3/recommendations/Movie3672,RATATOUILLE,1
http://www.semanticweb.org/emili/ontologies/2025/3/recommendations/Movie3690,LEGION,1
http://www.semanticweb.org/emili/ontologies/2025/3/recommendations/Movie3700,UnknownMovie3700,1
http://www.semanticweb.org/emili/ontologies/2025/3/recommendations/Movie3738,THE LAST STATION,1
http://www.semanticweb.org/emili/ontologies/2025/3/recommendations/Movie3741,THE AIR I BREATHE,1
http://www.semanticweb.org/emili/ontologies/2025/3/recommendations/Movie3742,JENNIFER'S BODY,1
http://www.semanticweb.org/emili/ontologies/2025/3/recommendations/Movie3755,COLD SOULS,1
http://www.semanticweb.org/emili/ontologies/2025/3/recommendations/Movie3763,THE HUNTING PARTY,1
http://www.semanticweb.org/emili/ontologies/2025/3/recommendations/Movie3769,BURN AFTER READING,1
http://www.semanticweb.org/emili/ontologies/2025/3/recommendations/Movie3784,CROUPIER,1
http://www.semanticweb.org/emili/ontologies/2025/3/recommendations/Movie3830,DOGMA,1
http://www.semanticweb.org/emili/ontologies/2025/3/recommendations/Movie3842,ONCE UPON A TIME IN MEXICO,1
http://www.semanticweb.org/emili/ontologies/2025/3/recommendations/Movie3843,SIN CITY,1
http://www.semanticweb.org/emili/ontologies/2025/3/recommendations/Movie3865,SEASON OF THE WITCH,1
http://www.semanticweb.org/emili/ontologies/2025/3/recommendations/Movie3882,THE NEXT THREE DAYS,1
http://www.semanticweb.org/emili/ontologies/2025/3/recommendations/Movie3894,THE FIGHTER,1
http://www.semanticweb.org/emili/ontologies/2025/3/recommendations/Movie3919,SOLOMON KANE,1
http://www.semanticweb.org/emili/ontologies/2025/3/recommendations/Movie3920,FIGHT CLUB,1
http://www.semanticweb.org/emili/ontologies/2025/3/recommendations/Movie3958,SUCKER PUNCH,1
http://www.semanticweb.org/emili/ontologies/2025/3/recommendations/Movie4002,ERAGON,1
http://www.semanticweb.org/emili/ontologies/2025/3/recommendations/Movie4014,UnknownMovie4014,1
http://www.semanticweb.org/emili/ontologies/2025/3/recommendations/Movie4035,THE MECHANIC,1
http://www.semanticweb.org/emili/ontologies/2025/3/recommendations/Movie4091,EAGLE,1
http://www.semanticweb.org/emili/ontologies/2025/3/recommendations/Movie4092,CAPTAIN AMERICA,1
http://www.semanticweb.org/emili/ontologies/2025/3/recommendations/Movie4093,CRANK: HIGH VOLTAGE,1
http://www.semanticweb.org/emili/ontologies/2025/3/recommendations/Movie4094,UnknownMovie4094,1
http://www.semanticweb.org/emili/ontologies/2025/3/recommendations/Movie4104,UnknownMovie4104,1
http://www.semanticweb.org/emili/ontologies/2025/3/recommendations/Movie4145,KUNG FU PANDA 2,1
http://www.semanticweb.org/emili/ontologies/2025/3/recommendations/Movie4201,UNDERWORLD: AWAKENING,1
http://www.semanticweb.org/emili/ontologies/2025/3/recommendations/Movie4225,PUSS IN BOOTS,1
http://www.semanticweb.org/emili/ontologies/2025/3/recommendations/Movie4247,UnknownMovie4247,1
http://www.semanticweb.org/emili/ontologies/2025/3/recommendations/Movie4305,UnknownMovie4305,1
http://www.semanticweb.org/emili/ontologies/2025/3/recommendations/Movie4356,DARK SHADOWS,1
http://www.semanticweb.org/emili/ontologies/2025/3/recommendations/Movie4358,UnknownMovie4358,1
http://www.semanticweb.org/emili/ontologies/2025/3/recommendations/Movie4378,BATMAN BEGINS,1
http://www.semanticweb.org/emili/ontologies/2025/3/recommendations/Movie134,GREENBERG,1
http://www.semanticweb.org/emili/ontologies/2025/3/recommendations/Movie189,ALIEN VS. PREDATOR,1
http://www.semanticweb.org/emili/ontologies/2025/3/recommendations/Movie247,UnknownMovie247,1
http://www.semanticweb.org/emili/ontologies/2025/3/recommendations/Movie4223,U.S. MARSHALS,1
http://www.semanticweb.org/emili/ontologies/2025/3/recommendations/Movie3716,BURIED,1
http://www.semanticweb.org/emili/ontologies/2025/3/recommendations/Movie3972,FAST FIVE,1
http://www.semanticweb.org/emili/ontologies/2025/3/recommendations/Movie213,MAMMUTH,1
http://www.semanticweb.org/emili/ontologies/2025/3/recommendations/Movie2770,UnknownMovie2770,1
http://www.semanticweb.org/emili/ontologies/2025/3/recommendations/Movie3585,HANCOCK,1
http://www.semanticweb.org/emili/ontologies/2025/3/recommendations/Movie3609,WEDDING CRASHERS,1
http://www.semanticweb.org/emili/ontologies/2025/3/recommendations/Movie3683,ELF,1
http://www.semanticweb.org/emili/ontologies/2025/3/recommendations/Movie3698,SCARFACE,1
http://www.semanticweb.org/emili/ontologies/2025/3/recommendations/Movie3739,ANCHORMAN: THE LEGEND OF RON BURGUNDY,1
http://www.semanticweb.org/emili/ontologies/2025/3/recommendations/Movie3805,THE GREEN HORNET,1
http://www.semanticweb.org/emili/ontologies/2025/3/recommendations/Movie3989,29TH STREET,1
http://www.semanticweb.org/emili/ontologies/2025/3/recommendations/Movie4049,CEDAR RAPIDS,1
http://www.semanticweb.org/emili/ontologies/2025/3/recommendations/Movie4164,NIGHT AT THE MUSEUM,1
http://www.semanticweb.org/emili/ontologies/2025/3/recommendations/Movie4222,MILLION DOLLAR BABY,1
http://www.semanticweb.org/emili/ontologies/2025/3/recommendations/Movie4239,THE UNTOUCHABLES,1
http://www.semanticweb.org/emili/ontologies/2025/3/recommendations/Movie4250,J. EDGAR,1
http://www.semanticweb.org/emili/ontologies/2025/3/recommendations/Movie4259,THE DESCENDANTS,1
http://www.semanticweb.org/emili/ontologies/2025/3/recommendations/Movie4328,UnknownMovie4328,1
http://www.semanticweb.org/emili/ontologies/2025/3/recommendations/Movie4355,UnknownMovie4355,1
http://www.semanticweb.org/emili/ontologies/2025/3/recommendations/Movie168,JUST WRIGHT,1
http://www.semanticweb.org/emili/ontologies/2025/3/recommendations/Movie169,SORORITY ROW,1
http://www.semanticweb.org/emili/ontologies/2025/3/recommendations/Movie200,DIE FREMDE,1
http://www.semanticweb.org/emili/ontologies/2025/3/recommendations/Movie222,UnknownMovie222,1
http://www.semanticweb.org/emili/ontologies/2025/3/recommendations/Movie233,THE LIMITS OF CONTROL,1
http://www.semanticweb.org/emili/ontologies/2025/3/recommendations/Movie234,THE SCIENCE OF SLEEP,1
http://www.semanticweb.org/emili/ontologies/2025/3/recommendations/Movie3505,THE MAN FROM EARTH,1
http://www.semanticweb.org/emili/ontologies/2025/3/recommendations/Movie3191,THE SILENCE OF THE LAMBS,1
http://www.semanticweb.org/emili/ontologies/2025/3/recommendations/Movie3511,THE PIANIST,1
http://www.semanticweb.org/emili/ontologies/2025/3/recommendations/Movie3512,LIONS FOR LAMBS,1
http://www.semanticweb.org/emili/ontologies/2025/3/recommendations/Movie1,CENTURION,1
http://www.semanticweb.org/emili/ontologies/2025/3/recommendations/Movie3519,UnknownMovie3519,1
http://www.semanticweb.org/emili/ontologies/2025/3/recommendations/Movie3553,UnknownMovie3553,1
http://www.semanticweb.org/emili/ontologies/2025/3/recommendations/Movie3554,A SINGLE MAN,1
http://www.semanticweb.org/emili/ontologies/2025/3/recommendations/Movie3595,GROWN UPS,1
http://www.semanticweb.org/emili/ontologies/2025/3/recommendations/Movie3624,UnknownMovie3624,1
http://www.semanticweb.org/emili/ontologies/2025/3/recommendations/Movie243,SAW V,1
http://www.semanticweb.org/emili/ontologies/2025/3/recommendations/Movie3507,SLEEPY HOLLOW,1
http://www.semanticweb.org/emili/ontologies/2025/3/recommendations/Movie3523,DEVIL,1
http://www.semanticweb.org/emili/ontologies/2025/3/recommendations/Movie3529,CONSTANTINE,1
http://www.semanticweb.org/emili/ontologies/2025/3/recommendations/Movie3531,300,1
http://www.semanticweb.org/emili/ontologies/2025/3/recommendations/Movie3533,UnknownMovie3533,1
http://www.semanticweb.org/emili/ontologies/2025/3/recommendations/Movie3540,DAYBREAKERS,1
http://www.semanticweb.org/emili/ontologies/2025/3/recommendations/Movie3541,WHITE CHICKS,1
